"方名","出处","推导流派","确认方式","逐首确认(是/否/留空)"
"七福饮","《景岳全书》","温补/扶阳思路","逐首勾选",""
"三仁汤","《温病条辨》","温病思路","规则级",""
"三子养亲汤","《金匮要略》","经方思路","规则级",""
"三物备急丸","《金匮要略》","经方思路","规则级",""
"三甲复脉汤","《温病条辨》","温病思路","规则级",""
"丹溪治湿痰方","《丹溪心法》","滋阴/丹溪思路","逐首勾选",""
"举元煎","《景岳全书》","温补/扶阳思路","逐首勾选",""
"乌头桂枝汤","《金匮要略》","经方思路","规则级",""
"乌头汤","《金匮要略》","经方思路","规则级",""
"乌梅丸","《伤寒论》","经方思路","规则级",""
"二妙丸","《丹溪心法》","滋阴/丹溪思路","逐首勾选",""
"二妙散","《丹溪心法》","滋阴/丹溪思路","逐首勾选",""
"五味消毒饮合大黄牡丹汤","《医宗金鉴》、《金匮要略》","经方思路","规则级",""
"五苓散","《伤寒论》","经方思路","规则级",""
"人参健脾丸（汤）","《景岳全书》《证治准绳·类方》","温补/扶阳思路","逐首勾选",""
"人参归脾丸","《景岳全书》","温补/扶阳思路","逐首勾选",""
"代赭旋复汤","《伤寒论》","经方思路","规则级",""
"何人饮","《景岳全书》","温补/扶阳思路","逐首勾选",""
"保和丸","《丹溪心法》","滋阴/丹溪思路","逐首勾选",""
"保阴煎","《景岳全书》","温补/扶阳思路","逐首勾选",""
"八珍益母汤","《景岳全书》","温补/扶阳思路","逐首勾选",""
"六味回阳饮","《景岳全书》","温补/扶阳思路","逐首勾选",""
"加减一阴煎","《景岳全书》","温补/扶阳思路","逐首勾选",""
"加减复脉汤","《温病条辨》","温病思路","规则级",""
"加减葳蕤汤","《重订通俗伤寒论》","经方思路","规则级",""
"加味二妙散","《丹溪心法》","滋阴/丹溪思路","逐首勾选",""
"化斑汤","《温病条辨》","温病思路","规则级",""
"化阴煎","《景岳全书》","温补/扶阳思路","逐首勾选",""
"十枣汤","《伤寒论》","经方思路","规则级",""
"半夏厚朴汤","《金匮要略》","经方思路","规则级",""
"半夏泻心汤","《伤寒论》","经方思路","规则级",""
"半苓汤","《温病条辨》","温病思路","规则级",""
"厚朴七物汤","《金匮要略》","经方思路","规则级",""
"厚朴三物汤","《金匮要略》","经方思路","规则级",""
"厚朴麻黄汤","《金匮要略》","经方思路","规则级",""
"右归丸","《景岳全书》","温补/扶阳思路","逐首勾选",""
"右归饮","《景岳全书》","温补/扶阳思路","逐首勾选",""
"吴茱萸汤","《伤寒论》","经方思路","规则级",""
"咳血方","《丹溪心法》","滋阴/丹溪思路","逐首勾选",""
"四味回阳饮","《景岳全书》","温补/扶阳思路","逐首勾选",""
"四逆散","《伤寒论》","经方思路","规则级",""
"四逆汤","《伤寒论》","经方思路","规则级",""
"回阳救急汤","《伤寒论》","经方思路","规则级",""
"固阴煎","《景岳全书》","温补/扶阳思路","逐首勾选",""
"增液承气汤","《温病条辨》","温病思路","规则级",""
"增液汤","《温病条辨》","温病思路","规则级",""
"大半夏汤","《金匮要略》","经方思路","规则级",""
"大安丸","《丹溪心法》","滋阴/丹溪思路","逐首勾选",""
"大定风珠","《温病条辨》","温病思路","规则级",""
"大建中汤","《金匮要略》","经方思路","规则级",""
"大承气汤","《伤寒论》","经方思路","规则级",""
"大柴胡汤","《金匮要略》","经方思路","规则级",""
"大营煎","《景岳全书》","温补/扶阳思路","逐首勾选",""
"大补元煎","《景岳全书》","温补/扶阳思路","逐首勾选",""
"大补阴丸","《丹溪心法》","滋阴/丹溪思路","逐首勾选",""
"大陷胸汤","《伤寒论》","经方思路","规则级",""
"大青龙汤","《伤寒论》","经方思路","规则级",""
"大黄䗪虫丸","《金匮要略·血痹虚劳病脉证并治第六》","经方思路","规则级",""
"大黄牡丹汤","《金匮要略》","经方思路","规则级",""
"大黄蟅虫丸","《金匮要略》","经方思路","规则级",""
"大黄附子汤","《金匮要略》","经方思路","规则级",""
"大黄黄连泻心汤","《伤寒论》","经方思路","规则级",""
"安宫牛黄丸","《温病条辨》","温病思路","规则级",""
"宣清导浊汤","《温病条辨》","温病思路","规则级",""
"宣痹汤","《温病条辨》","温病思路","规则级",""
"射干麻黄汤","《金匮要略》","经方思路","规则级",""
"小建中汤","《伤寒论》","经方思路","规则级",""
"小承气汤","《伤寒论》","经方思路","规则级",""
"小柴胡汤","《伤寒论》","经方思路","规则级",""
"小营煎","《景岳全书》","温补/扶阳思路","逐首勾选",""
"小陷胸汤","《伤寒论》","经方思路","规则级",""
"小青龙汤","《伤寒论》","经方思路","规则级",""
"左归丸","《景岳全书》","温补/扶阳思路","逐首勾选",""
"左金丸","《丹溪心法》","滋阴/丹溪思路","逐首勾选",""
"己椒苈黄丸","《金匮要略》","经方思路","规则级",""
"归肾丸","《景岳全书》","温补/扶阳思路","逐首勾选",""
"当归四逆汤","《伤寒论》","经方思路","规则级",""
"当归生姜羊肉汤","《金匮要略》","经方思路","规则级",""
"当归芍药散","《金匮要略》","经方思路","规则级",""
"抵当汤","《伤寒论》","经方思路","规则级",""
"新加香薷饮","《温病条辨》","温病思路","规则级",""
"旋覆代赭汤","《伤寒论》","经方思路","规则级",""
"暖肝煎","《景岳全书》","温补/扶阳思路","逐首勾选",""
"杏苏散","《温病条辨》","温病思路","规则级",""
"枳实芍药散","《金匮要略》","经方思路","规则级",""
"枳实薤白桂枝汤","《金匮要略》","经方思路","规则级",""
"柴胡枳桔汤","《通俗伤寒论》","经方思路","规则级",""
"柴胡桂枝干姜汤","《伤寒论》","经方思路","规则级",""
"柴胡疏肝散","《景岳全书》","温补/扶阳思路","逐首勾选",""
"柴胡达原饮","《重订通俗伤寒论》","经方思路","规则级",""
"柴胡陷胸汤","《通俗伤寒论》","经方思路","规则级",""
"栀子大黄汤","《金匮要略》","经方思路","规则级",""
"栀子柏皮汤","《伤寒论》","经方思路","规则级",""
"栀子金花丸","《景岳全书》","温补/扶阳思路","逐首勾选",""
"桂枝人参汤","《伤寒论》","经方思路","规则级",""
"桂枝加厚朴杏子汤","《伤寒论》","经方思路","规则级",""
"桂枝加葛根汤","《伤寒论》第17条","经方思路","规则级",""
"桂枝汤","《伤寒论》","经方思路","规则级",""
"桂枝甘草龙骨牡蛎汤","《伤寒论》","经方思路","规则级",""
"桂枝芍药知母汤","《金匮要略·中风历节病脉证并治第五》","经方思路","规则级",""
"桂枝茯苓丸","《金匮要略》","经方思路","规则级",""
"桂枝麻黄各半汤","《伤寒论》","经方思路","规则级",""
"桃核承气汤","《伤寒论》","经方思路","规则级",""
"桃花汤","《伤寒论》","经方思路","规则级",""
"桑杏汤","《温病条辨》","温病思路","规则级",""
"桑白皮汤","《景岳全书》","温补/扶阳思路","逐首勾选",""
"桑菊饮","《温病条辨》","温病思路","规则级",""
"桔梗杏仁煎","《景岳全书》","温补/扶阳思路","逐首勾选",""
"橘皮竹茹汤","《金匮要略》","经方思路","规则级",""
"正柴胡饮","《景岳全书》","温补/扶阳思路","逐首勾选",""
"毓麟珠","《景岳全书》","温补/扶阳思路","逐首勾选",""
"沙参麦冬汤","《温病条辨》","温病思路","规则级",""
"法半夏厚朴汤","《金匮要略》","经方思路","规则级",""
"泰山磐石散","《景岳全书》","温补/扶阳思路","逐首勾选",""
"泻心汤","《金匮要略》","经方思路","规则级",""
"泽泻汤","《金匮要略》","经方思路","规则级",""
"济川煎","《景岳全书》","温补/扶阳思路","逐首勾选",""
"济生肾气丸","《金匮要略》","经方思路","规则级",""
"清宫汤","《温病条辨》","温病思路","规则级",""
"清暑益气汤","《温热经纬》","温病思路","规则级",""
"清络饮","《温病条辨》","温病思路","规则级",""
"清营汤","《金匮要略》","经方思路","规则级",""
"炙甘草汤","《伤寒论》","经方思路","规则级",""
"独参汤","《景岳全书》","温补/扶阳思路","逐首勾选",""
"猪苓汤","《伤寒论》","经方思路","规则级",""
"玉女煎","《景岳全书》","温补/扶阳思路","逐首勾选",""
"理中丸","《伤寒论》","经方思路","规则级",""
"理中汤","《伤寒论》","经方思路","规则级",""
"瓜蒂散","《伤寒论》","经方思路","规则级",""
"瓜蒌桂枝汤","《金匮要略》","经方思路","规则级",""
"瓜蒌薤白半夏汤","《金匮要略》","经方思路","规则级",""
"瓜蒌薤白白酒汤","《金匮要略》","经方思路","规则级",""
"甘姜苓术汤","《金匮要略》","经方思路","规则级",""
"甘草泻心汤","《伤寒论》","经方思路","规则级",""
"甘露消毒丹","《温热经纬》","温病思路","规则级",""
"甘麦大枣汤","《金匮要略》","经方思路","规则级",""
"痛泻要方","《丹溪心法》","滋阴/丹溪思路","逐首勾选",""
"白头翁汤","《伤寒论》","经方思路","规则级",""
"白虎加人参汤","《伤寒论》","经方思路","规则级",""
"白虎加桂枝汤","《金匮要略》","经方思路","规则级",""
"白虎汤","《伤寒论》","经方思路","规则级",""
"益胃汤","《温病条辨》","温病思路","规则级",""
"真武汤","《伤寒论》","经方思路","规则级",""
"礞石滚痰丸","《丹溪心法附余》","滋阴/丹溪思路","逐首勾选",""
"竹叶石膏汤","《伤寒论》","经方思路","规则级",""
"紫金锭","《丹溪心法附余》","滋阴/丹溪思路","逐首勾选",""
"羚角钩藤汤","《通俗伤寒论》","经方思路","规则级",""
"翘荷汤","《温病条辨》","温病思路","规则级",""
"耳聋左慈丸","《重订广温热论》","温病思路","规则级",""
"胃苓汤","《丹溪心法》","滋阴/丹溪思路","逐首勾选",""
"胎元饮","《景岳全书》","温补/扶阳思路","逐首勾选",""
"胶艾汤","《金匮要略》","经方思路","规则级",""
"脱花煎","《景岳全书》","温补/扶阳思路","逐首勾选",""
"芍药甘草汤","《伤寒论》","经方思路","规则级",""
"苏叶黄连汤","《温热经纬》","温病思路","规则级",""
"苓桂术甘汤","《金匮要略》","经方思路","规则级",""
"苓甘五味姜辛汤","《金匮要略》","经方思路","规则级",""
"茜根散","《景岳全书》","温补/扶阳思路","逐首勾选",""
"茵陈五苓散","《金匮要略》","经方思路","规则级",""
"茵陈蒿汤","《伤寒论》","经方思路","规则级",""
"萆薢分清散","《丹溪心法》","滋阴/丹溪思路","逐首勾选",""
"葛根汤","《伤寒论》","经方思路","规则级",""
"葛根芩连汤合升阳除湿汤","《伤寒论》、《兰室秘藏》","经方思路","规则级",""
"葛根黄芩黄连汤","《伤寒论》","经方思路","规则级",""
"葶苈大枣泻肺汤","《金匮要略》","经方思路","规则级",""
"蒿芩清胆汤","《通俗伤寒论》","经方思路","规则级",""
"薏苡附子败酱散","《金匮要略》","经方思路","规则级",""
"虎潜丸","《丹溪心法》","滋阴/丹溪思路","逐首勾选",""
"血府逐瘀汤","《伤寒论》","经方思路","规则级",""
"解肝煎","《景岳全书》","温补/扶阳思路","逐首勾选",""
"调胃承气汤","《伤寒论》","经方思路","规则级",""
"越婢加半夏汤","《金匮要略》","经方思路","规则级",""
"越婢加术汤","《金匮要略》","经方思路","规则级",""
"越婢汤","《金匮要略》","经方思路","规则级",""
"越鞠丸","《丹溪心法》","滋阴/丹溪思路","逐首勾选",""
"连梅安蛔丸","《通俗伤寒论》","经方思路","规则级",""
"连梅汤","《温病条辨》","温病思路","规则级",""
"通瘀煎","《景岳全书》","温补/扶阳思路","逐首勾选",""
"酸枣仁汤","《金匮要略》","经方思路","规则级",""
"金匮肾气丸","《金匮要略》","经方思路","规则级",""
"银翘散","《温病条辨》","温病思路","规则级",""
"防己黄芪汤","《金匮要略》","经方思路","规则级",""
"阿胶鸡子黄汤","《通俗伤寒论》","经方思路","规则级",""
"附子汤","《伤寒论》第304、305条","经方思路","规则级",""
"附子泻心汤","《伤寒论》","经方思路","规则级",""
"附子粳米汤","《金匮要略》","经方思路","规则级",""
"青蒿鳖甲汤","《温病条辨》","温病思路","规则级",""
"鳖甲煎丸","《金匮要略》","经方思路","规则级",""
"麦门冬汤","《金匮要略》","经方思路","规则级",""
"麻子仁丸","《伤寒论》","经方思路","规则级",""
"麻黄杏仁甘草石膏汤","《伤寒论》","经方思路","规则级",""
"麻黄杏仁薏苡甘草汤","《金匮要略》","经方思路","规则级",""
"麻黄汤","《伤寒论》","经方思路","规则级",""
"麻黄细辛附子汤","《伤寒论》","经方思路","规则级",""
"麻黄连翘赤小豆汤","《伤寒论》","经方思路","规则级",""
"麻黄附子甘草汤","《伤寒论》","经方思路","规则级",""
"黄土汤","《金匮要略》","经方思路","规则级",""
"黄芩人参汤","《伤寒论》","经方思路","规则级",""
"黄芩汤","《伤寒论》","经方思路","规则级",""
"黄芩滑石汤","《温病条辨》","温病思路","规则级",""
"黄芪建中汤","《金匮要略》","经方思路","规则级",""
"黄芪桂枝五物汤","《金匮要略》","经方思路","规则级",""
"黄连阿胶汤","《伤寒论》","经方思路","规则级",""
"黎峒丸","《景岳全书》","温补/扶阳思路","逐首勾选",""