"序号","方名","出处","目录记录的组成","味数","【请填】芍药应为(白芍/赤芍)","【请填】依据(卷次/原文)","【请填】备注"
"1","五发痈疽通治方","外科集验方","漏芦、白蔹、黄芩、麻黄、枳实、升麻、芍药、甘草、朴硝、大黄","10","赤芍","《外科集验方·五发痈疽通治方》漏芦汤原文为“漏芦、白蔹、黄芩、麻黄、枳实、升麻、芍药、甘草、朴硝、大黄”；原文裸写，按痈疽热毒、凉血散瘀方义裁赤芍。","中置信；功能性裁定，建议医生复核后入库。"
"2","五柴胡饮","成方切用","芍药、白术、当归、柴胡、熟地、甘草、陈皮","7","白芍","《成方切用·五柴胡饮》：“芍药（炒）、白术、当归、柴胡、熟地、甘草、陈皮”；炒芍药与熟地、当归同用以培血气，按白芍裁定。","中置信；同方原文未见“白”字，建议医生复核。"
"3","升麻和气饮","三因极一病证方论","苍术、桔梗、升麻、葛根、陈皮、甘草、芍药、半夏、当归、白芷、茯苓、枳壳、厚朴、干姜、大黄","15","白芍","《秘传证治要诀及类方》同方明载：“干姜、升麻、枳壳、桔梗、苍术、陈皮、半夏、茯苓、甘草、当归、白芍、白芷、大黄”。","高置信；同方异本明确，可入库。"
"4","升麻柴胡汤","三因极一病证方论","柴胡、升麻、芍药、栀子仁、木通、黄芩、大青、杏仁、石膏","9","白芍","《脉因证治》同方明载：“升麻、柴胡、白芍、栀子、木通……大青、黄芩、石膏”。","高置信；同方异本明确，可入库。"
"5","四神散","三因极一病证方论","当归、芍药、川芎、干姜","4","白芍","《薛氏医案》四神散：“当归、川芎、芍药（炒）、炮姜”；为四物类产后血虚/瘀血腹痛方，炒用按白芍裁定。","中置信；同方仍裸写“芍药”，建议医生复核。"
"6","圣散子方","三因极一病证方论","草豆蔻、猪苓、石菖蒲、茯苓、高良姜、独活、柴胡、吴茱萸、附子、麻黄、厚朴、藁本、芍药、枳壳、白术、苍术、半夏、泽泻、藿香、防风、细辛、甘草","22","白芍","《伤寒总病论·圣散子方》原文为“……藁本、芍药、枳壳、白术、苍术……”；原文裸写。该方辛温燥烈，芍药用于养阴缓急、制其燥烈，按白芍裁定。","中置信；功能性裁定，且本方历代有误用致害争议，建议医生复核。"
"7","地黄汤","三因极一病证方论","麦门冬、生地黄、人参、茯苓、芍药、葳蕤、石膏、远志、甘草、白术","10","白芍","《三因极一病证方论》目录组成仍为裸“芍药”；与麦冬、生地黄、人参、葳蕤同用，方义偏滋阴养血，按白芍裁定。","中置信；未检得同方明确品种异本，建议医生复核。"
"8","增损乐令汤","三因极一病证方论","黄芪、人参、橘皮、当归、桂心、细辛、前胡、甘草、茯苓、麦门冬、芍药、附子、熟地黄、半夏、远志","15","白芍","《普济方》引危氏增损乐令汤原文仍作“芍药”；主“诸虚不足”，与黄芪、人参、当归、熟地黄同用，按白芍裁定。","中置信；功能性裁定，建议医生复核。"
"9","妊娠随月养胎及服药方","外台》卷三十三","乌雌鸡、茯苓、吴茱萸、芍药、白术、麦门冬、细辛、防风、乌梅、干地黄、大麦、丹参、当归、人参、麻黄、艾叶、阿胶、甘草、大枣、黄连、生地黄、生姜、雄鸡、黄芩、大麦、茯神、龙骨、赤小豆、菊花、半夏、川芎、续断、生李根白皮、柴胡、旋复花、芍药、五味子","37","","暂不裁定：该条为“随月养胎”多月多方合抄，芍药和大麦均重复出现，不能假定两处芍药属于同一处方或同一品种。","暂缓入库；先按月拆分原方并逐方回源。"
"10","徙薪饮","成方切用","黄芩、麦冬、芍药、黄柏、茯苓、丹皮、陈皮","7","白芍","《新方八阵·徙薪饮》原文仍作“芍药”；该方清三焦火而兼养阴，与麦冬同用，按景岳方意裁白芍。","中置信；同方原文未见“白”字，建议医生复核。"
"11","杏子汤","三因极一病证方论","杏仁、半夏、五味子、芍药、桂心、细辛、干姜、大黄、甘草、茯苓","10","","暂不裁定：当前组成与《全生指迷方》《证治准绳》所载同名杏子汤均不一致；疑来源错配或相邻方合并，须先核《三因》卷次原文。","暂缓入库；先解决同名异方/组成错配。"
"12","柴胡加桂汤","三因极一病证方论","柴胡、半夏、甘草、芍药、黄芩、人参、桂枝","7","白芍","本方为柴胡剂合桂枝类方；桂枝类方中的芍药承担和营敛阴、缓急作用，后世规范多落白芍，按白芍裁定。","中置信；原书仍裸写，建议医生复核。"
"13","槟芍顺气汤","温疫论","槟榔、芍药、枳实、厚朴、大黄","5","白芍","《温疫论·下卷》槟芍顺气汤原文仍作“芍药”；同卷相近治疫痢的芍药汤明确写“白芍”，据同书平行方裁白芍。","中高置信；同书平行方明确，建议复核后入库。"
"14","止痛当归汤","总录","当归、生地黄、芍药、黄芪、人参、甘草、官桂","7","赤芍","《政和圣济总录》卷一百三十同方明载：“当归、黄芪、人参、桂、赤芍药、甘草、生干地黄”。","高置信；源书同方明确，可入库。"
"15","正阳汤","三因极一病证方论","白薇、玄参、川芎、桑白皮、当归、芍药、旋复花、甘草、生姜","9","白芍","《古今医统大全》同方仍作“芍药”；与当归、川芎、白薇、玄参同用，取养血和阴，按白芍裁定。","中置信；功能性裁定，建议医生复核。"
"16","沃雪汤","三因极一病证方论","苍术、干姜、甘草、防风、葛根、厚朴、芍药","7","白芍","《钦定古今图书集成·艺术典》第375卷同方明载：“苍术、干姜、甘草……防风、白芍药去皮、葛根、厚朴”。","高置信；同方异本明确，可入库。"
"17","治伤寒胸闷、腹满方","外台","苦酒、猪胆、柴胡、半夏、生姜、知母、芍药、大黄、葳蕤、黄芩、甘草、生地黄、大枣、芒硝","14","","暂不裁定：《外台秘要·集验方五首》显示猪胆/苦酒方与后接大柴胡汤等为分立处方；当前目录把数方组成串成一条。","暂缓入库；先拆分合抄处方。"
"18","治天行诸病方","外台》卷三","生姜、饴糖、灯心、麦门冬、人参、芦根、升麻、通草、射干、羚羊角、芍药、石膏、蜂蜜、滑石、葶苈子、大黄、桃皮、马","18","","暂不裁定：组成跨度异常且末尾出现单字“马”，疑多方合抄并伴抽取残片；未能形成可核对的单一处方。","暂缓入库；先回源重录并拆方。"
"19","治痔疮及谷道痒痛方","（《外台》卷二十六）","蛇蜕皮、鳖甲、皮、野葛、槐根、桃根、枳实、赤小豆、黄、附子、白蔹、桂心、芍药、黄芩、紫参、秦艽、乱发灰、紫菀、浓朴、本、雷丸、白芷、虫、贯众、猪后悬蹄甲、虻虫、石南、槐子、当归、连翘、干地黄、干姜、矾石、续断、生槐皮、槐赤鸡、玩月砂、乳香、绿矾、麝香、槐皮、甘草、陈豉、桃仁、菟丝子、鸡子黄、杏仁、胡粉、雄黄、苦酒、食盐","51","","暂不裁定：51味组成含“皮、黄、本、虫”等单字残片，且明显为多方串接；任何芍药品种判断都会固化错误条目。","暂缓入库；先回源重录并拆方。"
"20","疏邪饮","成方切用","芍药、柴胡、甘草、苏叶、荆芥穗","5","白芍","《成方切用·疏邪饮》：“芍药（酒炒）、柴胡、甘草、苏叶、荆芥穗”；酒炒用法及养阴和营方义对应白芍。","中高置信；炮制与方义一致，建议医生复核后入库。"
"21","石南散","三因极一病证方论","石南、天雄、山药、桃仁、芍药、甘菊花、甘草、升麻、葳蕤、黄芪、辰砂、石膏、山茱萸","13","","暂不裁定：《普济方》同方原文仍作“芍药”，且异本另有“芍药一作甘草”“桃花一作桃仁”等校异，底本尚不稳定。","暂缓入库；须先选定底本并处理校异。"
"22","肾热汤","千金","磁石、牡蛎、白术、麦冬、芍药、甘草、生地黄、大枣","8","白芍","《千金》及《成方切用·肾热汤》仍作“芍药”；后世加味肾热汤明确用白芍，且本方取养阴和营，裁白芍。","中置信；后世同方体系支持，建议医生复核。"
"23","麻黄升麻汤","三因极一病证方论","麻黄、升麻、黄芩、芍药、甘草、石膏、茯苓","7","赤芍","《普济方》卷120引危氏方原文仍作“芍药”，主“血随气壅，俗谓红汗”；按热壅血分、凉血散瘀方义裁赤芍。","中置信；功能性裁定，建议医生复核。"
"24","龙胆汤","三因极一病证方论","龙胆、柴胡、黄芩、桔梗、钩藤、芍药、甘草、茯苓、蜣螂、大黄","10","赤芍","《政和圣济总录》卷177同组成明载“人参、龙胆、钩藤、柴胡、黄芩、桔梗、赤芍药、茯神、当归、蜣螂、大黄”；后世《幼科心法要诀》亦作赤芍。","高置信；同方异本明确，可入库。"
