序号,方名,出处,推导流派,原确认方式,核定建议,核定方式,功效,主治,核定依据,证据层级,证据网址,需医生最终签字,备注
1,七福饮,《景岳全书》,温补/扶阳思路,逐首勾选,是,逐首建议,收复神气；安神魂；敛心气,气血俱虚而心脾为甚者,功效/主治以补虚、温肾、回阳、益气养血或固摄为核心：收复神气、安神魂、敛心气、气血俱虚而心脾为甚者,B-学派课程+逐方功效主治,https://higher.smartedu.cn/course/671ad50b16d8a05eedca4325；https://amr.sz.gov.cn/attachment/1/1620/1620360/9772233.pdf,是,流派只作已准入候选排序加分，不放宽安全/证据准入。
2,三仁汤,《温病条辨》,温病思路,规则级,是,规则级,宣畅气机；清利湿热,湿温初起，头痛恶寒，身重疼痛，舌白不渴，脉弦细而濡，面色淡黄，胸闷不饥，午后身热，状若阴虚，病难速已,出处为温病学派核心著作，归入温病思路。,A-规则级：著作归属,https://higher.smartedu.cn/course/671ad50b16d8a05eedca4325,是,流派只作已准入候选排序加分，不放宽安全/证据准入。
3,三子养亲汤,《金匮要略》,经方思路,规则级,是,规则级,温肺化痰；降气消食,痰壅气逆食滞证,出处为《伤寒论》或《金匮要略》，按狭义经方口径归入经方思路。,A-规则级：著作归属,https://cntcm.com.cn/content/202407/03/c253460.html,是,流派只作已准入候选排序加分，不放宽安全/证据准入。
4,三物备急丸,《金匮要略》,经方思路,规则级,是,规则级,攻逐寒积,寒实冷积内停，心腹卒暴胀痛，痛如锥刺，气急口噤，大便不通,出处为《伤寒论》或《金匮要略》，按狭义经方口径归入经方思路。,A-规则级：著作归属,https://cntcm.com.cn/content/202407/03/c253460.html,是,流派只作已准入候选排序加分，不放宽安全/证据准入。
5,三甲复脉汤,《温病条辨》,温病思路,规则级,是,规则级,滋阴潜镇,温邪深入下焦，热深厥甚，心中憺憺大动，甚或心胸疼痛，脉象细促者,出处为温病学派核心著作，归入温病思路。,A-规则级：著作归属,https://higher.smartedu.cn/course/671ad50b16d8a05eedca4325,是,流派只作已准入候选排序加分，不放宽安全/证据准入。
6,丹溪治湿痰方,《丹溪心法》,滋阴/丹溪思路,逐首勾选,是,逐首建议,豁痰除湿；活血调经,痰湿阻滞，月经不调,体现丹溪滋阴降火、湿热/痰火、郁证等学术取向：豁痰除湿、活血调经、痰湿阻滞，月经不调,B-学术史资料+逐方功效主治,https://www.cntcm.com.cn/content/202306/21/c225799.html；https://amr.sz.gov.cn/attachment/1/1620/1620360/9772233.pdf,是,流派只作已准入候选排序加分，不放宽安全/证据准入。
7,举元煎,《景岳全书》,温补/扶阳思路,逐首勾选,是,逐首建议,补气摄血；升阳举陷,气虚下陷，血崩血脱，亡阳垂危等证,功效/主治以补虚、温肾、回阳、益气养血或固摄为核心：补气摄血、升阳举陷、气虚下陷，血崩血脱，亡阳垂危等证,B-学派课程+逐方功效主治,https://higher.smartedu.cn/course/671ad50b16d8a05eedca4325；https://amr.sz.gov.cn/attachment/1/1620/1620360/9772233.pdf,是,流派只作已准入候选排序加分，不放宽安全/证据准入。
8,乌头桂枝汤,《金匮要略》,经方思路,规则级,是,规则级,祛寒止痛；散寒解表,寒疝、腹中痛，逆冷，手足不仁，若身疼痛,出处为《伤寒论》或《金匮要略》，按狭义经方口径归入经方思路。,A-规则级：著作归属,https://cntcm.com.cn/content/202407/03/c253460.html,是,流派只作已准入候选排序加分，不放宽安全/证据准入。
9,乌头汤,《金匮要略》,经方思路,规则级,是,规则级,散寒除湿；除痹止痛,脚部疼痛，不可屈伸。寒湿痹证,出处为《伤寒论》或《金匮要略》，按狭义经方口径归入经方思路。,A-规则级：著作归属,https://cntcm.com.cn/content/202407/03/c253460.html,是,流派只作已准入候选排序加分，不放宽安全/证据准入。
10,乌梅丸,《伤寒论》,经方思路,规则级,是,规则级,温脏驱蛔,脏寒蛔厥证,出处为《伤寒论》或《金匮要略》，按狭义经方口径归入经方思路。,A-规则级：著作归属,https://cntcm.com.cn/content/202407/03/c253460.html,是,流派只作已准入候选排序加分，不放宽安全/证据准入。
11,二妙丸,《丹溪心法》,滋阴/丹溪思路,逐首勾选,是,逐首建议,燥湿清热,用于湿热下注，足膝红肿热痛，下肢丹毒，白带，阴囊湿痒,体现丹溪滋阴降火、湿热/痰火、郁证等学术取向：燥湿清热、用于湿热下注，足膝红肿热痛，下肢丹毒，白带，阴囊湿痒,B-学术史资料+逐方功效主治,https://www.cntcm.com.cn/content/202306/21/c225799.html；https://amr.sz.gov.cn/attachment/1/1620/1620360/9772233.pdf,是,流派只作已准入候选排序加分，不放宽安全/证据准入。
12,二妙散,《丹溪心法》,滋阴/丹溪思路,逐首勾选,是,逐首建议,清热燥湿,湿热下注，筋骨疼痛，脚膝无力，或足膝红肿热痛或下部湿疮，以及湿热带下，淋浊等症,体现丹溪滋阴降火、湿热/痰火、郁证等学术取向：清热燥湿、湿热下注，筋骨疼痛，脚膝无力，或足膝红肿热痛或下部湿疮，以及湿热带下，淋浊等症,B-学术史资料+逐方功效主治,https://www.cntcm.com.cn/content/202306/21/c225799.html；https://amr.sz.gov.cn/attachment/1/1620/1620360/9772233.pdf,是,流派只作已准入候选排序加分，不放宽安全/证据准入。
13,五味消毒饮合大黄牡丹汤,《医宗金鉴》、《金匮要略》,经方思路,规则级,是,规则级,清热解毒；化瘀散结；利湿排脓,热毒炽盛之疔疮痈肿,出处为《伤寒论》或《金匮要略》，按狭义经方口径归入经方思路。,A-规则级：著作归属,https://cntcm.com.cn/content/202407/03/c253460.html,是,流派只作已准入候选排序加分，不放宽安全/证据准入。
14,五苓散,《伤寒论》,经方思路,规则级,是,规则级,利水渗湿；温阳化气,外有表证，内停水湿，头痛发热，烦渴欲饮，或水入即吐，小便不利，水湿内停的水肿，泄泻，小便不利，以及霍乱头痛，发热，身疼痛，热多欲饮水者，痰饮，脐下动悸，吐涎沫而头眩或短气而咳者,出处为《伤寒论》或《金匮要略》，按狭义经方口径归入经方思路。,A-规则级：著作归属,https://cntcm.com.cn/content/202407/03/c253460.html,是,流派只作已准入候选排序加分，不放宽安全/证据准入。
15,人参健脾丸（汤）,《景岳全书》《证治准绳·类方》,温补/扶阳思路,逐首勾选,是,逐首建议,健脾益气；和胃止泻,脾胃虚弱引起的饮食不化，倒饱嘈杂，恶心呕吐，腹痛便溏，不思饮食，体弱倦怠,功效/主治以补虚、温肾、回阳、益气养血或固摄为核心：健脾益气、和胃止泻、脾胃虚弱引起的饮食不化，倒饱嘈杂，恶心呕吐，腹痛便溏，不思饮食，体弱倦怠,B-学派课程+逐方功效主治,https://higher.smartedu.cn/course/671ad50b16d8a05eedca4325；https://amr.sz.gov.cn/attachment/1/1620/1620360/9772233.pdf,是,流派只作已准入候选排序加分，不放宽安全/证据准入。
16,人参归脾丸,《景岳全书》,温补/扶阳思路,逐首勾选,是,逐首建议,益气补血；健脾养心,用于气血不足，心悸，失眠，食少乏力，面色萎黄，月经量少，色淡,功效/主治以补虚、温肾、回阳、益气养血或固摄为核心：益气补血、健脾养心、用于气血不足，心悸，失眠，食少乏力，面色萎黄，月经量少，色淡,B-学派课程+逐方功效主治,https://higher.smartedu.cn/course/671ad50b16d8a05eedca4325；https://amr.sz.gov.cn/attachment/1/1620/1620360/9772233.pdf,是,流派只作已准入候选排序加分，不放宽安全/证据准入。
17,代赭旋复汤,《伤寒论》,经方思路,规则级,是,规则级,,,出处为《伤寒论》或《金匮要略》，按狭义经方口径归入经方思路。,A-规则级：著作归属,https://cntcm.com.cn/content/202407/03/c253460.html,是,流派只作已准入候选排序加分，不放宽安全/证据准入。
18,何人饮,《景岳全书》,温补/扶阳思路,逐首勾选,是,逐首建议,益气养血；扶正截疟,疟疾久发不止，气血两虚，寒热时作，稍劳即发，面色萎黄，倦怠乏力，食少自汗，形体消瘦，舌淡，脉缓大而虚者,功效/主治以补虚、温肾、回阳、益气养血或固摄为核心：益气养血、扶正截疟、疟疾久发不止，气血两虚，寒热时作，稍劳即发，面色萎黄，倦怠乏力，食少自汗，形体消瘦，舌淡，脉缓大而虚者,B-学派课程+逐方功效主治,https://higher.smartedu.cn/course/671ad50b16d8a05eedca4325；https://amr.sz.gov.cn/attachment/1/1620/1620360/9772233.pdf,是,流派只作已准入候选排序加分，不放宽安全/证据准入。
19,保和丸,《丹溪心法》,滋阴/丹溪思路,逐首勾选,否,逐首建议,消食和胃,食积停滞，胸脘痞满，腹胀时痛，嗳腐吞酸，恶食或呕吐泄泻，脉滑，舌苔厚腻或黄,虽载于《丹溪心法》或附余，但核心为消食、健脾、温肾、祛湿、逐痰或解毒，不宜按‘滋阴/丹溪’加权：消食和胃、食积停滞，胸脘痞满，腹胀时痛，嗳腐吞酸，恶食或呕吐泄泻，脉滑，舌苔厚腻或黄,B-学术史资料+逐方功效主治,https://www.cntcm.com.cn/content/202306/21/c225799.html；https://amr.sz.gov.cn/attachment/1/1620/1620360/9772233.pdf,是,流派只作已准入候选排序加分，不放宽安全/证据准入。
20,保阴煎,《景岳全书》,温补/扶阳思路,逐首勾选,留空,逐首建议,养阴清热；凉血止血,阴虚血热之带下淋浊，血崩便血，月经提前,偏滋阴/清热或单纯养血，是否纳入广义景岳温补取向需医生定口径：养阴清热、凉血止血、阴虚血热之带下淋浊，血崩便血，月经提前,B-学派课程+逐方功效主治,https://higher.smartedu.cn/course/671ad50b16d8a05eedca4325；https://amr.sz.gov.cn/attachment/1/1620/1620360/9772233.pdf,是,流派只作已准入候选排序加分，不放宽安全/证据准入。
21,八珍益母汤,《景岳全书》,温补/扶阳思路,逐首勾选,是,逐首建议,补气血；调月经,月经量少，色淡，经期错后,功效/主治以补虚、温肾、回阳、益气养血或固摄为核心：补气血、调月经、月经量少，色淡，经期错后,B-学派课程+逐方功效主治,https://higher.smartedu.cn/course/671ad50b16d8a05eedca4325；https://amr.sz.gov.cn/attachment/1/1620/1620360/9772233.pdf,是,流派只作已准入候选排序加分，不放宽安全/证据准入。
22,六味回阳饮,《景岳全书》,温补/扶阳思路,逐首勾选,是,逐首建议,益气回阳；养血救脱,阴阳将脱,功效/主治以补虚、温肾、回阳、益气养血或固摄为核心：益气回阳、养血救脱、阴阳将脱,B-学派课程+逐方功效主治,https://higher.smartedu.cn/course/671ad50b16d8a05eedca4325；https://amr.sz.gov.cn/attachment/1/1620/1620360/9772233.pdf,是,流派只作已准入候选排序加分，不放宽安全/证据准入。
23,加减一阴煎,《景岳全书》,温补/扶阳思路,逐首勾选,留空,逐首建议,滋阴养血清热,阴血不足之虚热,偏滋阴/清热或单纯养血，是否纳入广义景岳温补取向需医生定口径：滋阴养血清热、阴血不足之虚热,B-学派课程+逐方功效主治,https://higher.smartedu.cn/course/671ad50b16d8a05eedca4325；https://amr.sz.gov.cn/attachment/1/1620/1620360/9772233.pdf,是,流派只作已准入候选排序加分，不放宽安全/证据准入。
24,加减复脉汤,《温病条辨》,温病思路,规则级,是,规则级,,,出处为温病学派核心著作，归入温病思路。,A-规则级：著作归属,https://higher.smartedu.cn/course/671ad50b16d8a05eedca4325,是,流派只作已准入候选排序加分，不放宽安全/证据准入。
25,加减葳蕤汤,《重订通俗伤寒论》,经方思路,规则级,是,规则级,滋阴解表,阴虚之体，感受外邪，头痛身热，微恶风寒，咳嗽咽干，痰稠难出，无汗或有汗不多，口渴心烦，舌赤脉数者,出处为《伤寒论》或《金匮要略》，按狭义经方口径归入经方思路。,A-规则级：著作归属,https://cntcm.com.cn/content/202407/03/c253460.html,是,流派只作已准入候选排序加分，不放宽安全/证据准入。
26,加味二妙散,《丹溪心法》,滋阴/丹溪思路,逐首勾选,是,逐首建议,清热燥湿；通利筋脉,湿热浸淫证,体现丹溪滋阴降火、湿热/痰火、郁证等学术取向：清热燥湿、通利筋脉、湿热浸淫证,B-学术史资料+逐方功效主治,https://www.cntcm.com.cn/content/202306/21/c225799.html；https://amr.sz.gov.cn/attachment/1/1620/1620360/9772233.pdf,是,流派只作已准入候选排序加分，不放宽安全/证据准入。
27,化斑汤,《温病条辨》,温病思路,规则级,是,规则级,清气凉血,温病发热，汗出过多，神昏谵语，皮肤发斑者,出处为温病学派核心著作，归入温病思路。,A-规则级：著作归属,https://higher.smartedu.cn/course/671ad50b16d8a05eedca4325,是,流派只作已准入候选排序加分，不放宽安全/证据准入。
28,化阴煎,《景岳全书》,温补/扶阳思路,逐首勾选,留空,逐首建议,滋肾养阴,水亏阴涸，阳火有余，小便癃闭，淋浊疼痛,偏滋阴/清热或单纯养血，是否纳入广义景岳温补取向需医生定口径：滋肾养阴、水亏阴涸，阳火有余，小便癃闭，淋浊疼痛,B-学派课程+逐方功效主治,https://higher.smartedu.cn/course/671ad50b16d8a05eedca4325；https://amr.sz.gov.cn/attachment/1/1620/1620360/9772233.pdf,是,流派只作已准入候选排序加分，不放宽安全/证据准入。
29,十枣汤,《伤寒论》,经方思路,规则级,是,规则级,攻逐水饮,悬饮或支饮，停于胸胁，咳唾胸胁引痛，心下痞鞕干呕短气，头痛目眩，或胸背掣痛不得息，水肿腹胀，二便不利，属于实证者,出处为《伤寒论》或《金匮要略》，按狭义经方口径归入经方思路。,A-规则级：著作归属,https://cntcm.com.cn/content/202407/03/c253460.html,是,流派只作已准入候选排序加分，不放宽安全/证据准入。
30,半夏厚朴汤,《金匮要略》,经方思路,规则级,是,规则级,,,出处为《伤寒论》或《金匮要略》，按狭义经方口径归入经方思路。,A-规则级：著作归属,https://cntcm.com.cn/content/202407/03/c253460.html,是,流派只作已准入候选排序加分，不放宽安全/证据准入。
31,半夏泻心汤,《伤寒论》,经方思路,规则级,是,规则级,寒热平调；消痞散结,寒热中阻，胃气不和，心下痞满不痛，或干呕，或呕吐，肠鸣下利，舌苔薄黄而腻，脉弦数者,出处为《伤寒论》或《金匮要略》，按狭义经方口径归入经方思路。,A-规则级：著作归属,https://cntcm.com.cn/content/202407/03/c253460.html,是,流派只作已准入候选排序加分，不放宽安全/证据准入。
32,半苓汤,《温病条辨》,温病思路,规则级,是,规则级,,,出处为温病学派核心著作，归入温病思路。,A-规则级：著作归属,https://higher.smartedu.cn/course/671ad50b16d8a05eedca4325,是,流派只作已准入候选排序加分，不放宽安全/证据准入。
33,厚朴七物汤,《金匮要略》,经方思路,规则级,是,规则级,解肌发表；行气除满,外感表证未罢，里实已成。腹满，大便不通，发热，脉浮而数,出处为《伤寒论》或《金匮要略》，按狭义经方口径归入经方思路。,A-规则级：著作归属,https://cntcm.com.cn/content/202407/03/c253460.html,是,流派只作已准入候选排序加分，不放宽安全/证据准入。
34,厚朴三物汤,《金匮要略》,经方思路,规则级,是,规则级,,,出处为《伤寒论》或《金匮要略》，按狭义经方口径归入经方思路。,A-规则级：著作归属,https://cntcm.com.cn/content/202407/03/c253460.html,是,流派只作已准入候选排序加分，不放宽安全/证据准入。
35,厚朴麻黄汤,《金匮要略》,经方思路,规则级,是,规则级,胃气虚寒之呃逆,寒饮化热饮邪上逆,出处为《伤寒论》或《金匮要略》，按狭义经方口径归入经方思路。,A-规则级：著作归属,https://cntcm.com.cn/content/202407/03/c253460.html,是,流派只作已准入候选排序加分，不放宽安全/证据准入。
36,右归丸,《景岳全书》,温补/扶阳思路,逐首勾选,是,逐首建议,温补肾阳；填精益髓,肾阳不足，命门火衰，神疲气怯，畏寒肢冷，阳痿遗精，不能生育，腰膝酸软，小便自遗，肢节痹痛，周身浮肿，或火不能生土，脾胃虚寒，饮食少进，或呕恶膨胀，或翻胃噎膈，或脐腹多痛，或大便不实，泻痢频作,功效/主治以补虚、温肾、回阳、益气养血或固摄为核心：温补肾阳、填精益髓、肾阳不足，命门火衰，神疲气怯，畏寒肢冷，阳痿遗精，不能生育，腰膝酸软，小便自遗，肢节痹痛，周身浮肿，或火不能生土，脾胃虚寒，饮食少进，或呕恶膨胀，或翻胃噎膈，或,B-学派课程+逐方功效主治,https://higher.smartedu.cn/course/671ad50b16d8a05eedca4325；https://amr.sz.gov.cn/attachment/1/1620/1620360/9772233.pdf,是,流派只作已准入候选排序加分，不放宽安全/证据准入。
37,右归饮,《景岳全书》,温补/扶阳思路,逐首勾选,是,逐首建议,温补肾阳,肾阳不足，阳衰阴胜，腰膝酸痛，神疲乏力，畏寒肢冷，咳喘，泄泻，脉弱，以及产妇虚火不归元而发热者,功效/主治以补虚、温肾、回阳、益气养血或固摄为核心：温补肾阳、肾阳不足，阳衰阴胜，腰膝酸痛，神疲乏力，畏寒肢冷，咳喘，泄泻，脉弱，以及产妇虚火不归元而发热者,B-学派课程+逐方功效主治,https://higher.smartedu.cn/course/671ad50b16d8a05eedca4325；https://amr.sz.gov.cn/attachment/1/1620/1620360/9772233.pdf,是,流派只作已准入候选排序加分，不放宽安全/证据准入。
38,吴茱萸汤,《伤寒论》,经方思路,规则级,是,规则级,温中补虚；降逆止呕,胃中虚寒，食谷欲呕，或呕而胸满，少阴吐利，手足逆冷，烦躁欲死，厥阴头痛，吐涎沫,出处为《伤寒论》或《金匮要略》，按狭义经方口径归入经方思路。,A-规则级：著作归属,https://cntcm.com.cn/content/202407/03/c253460.html,是,流派只作已准入候选排序加分，不放宽安全/证据准入。
39,咳血方,《丹溪心法》,滋阴/丹溪思路,逐首勾选,是,逐首建议,清肝宁肺；凉血止血,肝火犯肺之咳血证,体现丹溪滋阴降火、湿热/痰火、郁证等学术取向：清肝宁肺、凉血止血、肝火犯肺之咳血证,B-学术史资料+逐方功效主治,https://www.cntcm.com.cn/content/202306/21/c225799.html；https://amr.sz.gov.cn/attachment/1/1620/1620360/9772233.pdf,是,流派只作已准入候选排序加分，不放宽安全/证据准入。
40,四味回阳饮,《景岳全书》,温补/扶阳思路,逐首勾选,是,逐首建议,补气；回阳；救脱,元阳虚脱，危在顷刻者,功效/主治以补虚、温肾、回阳、益气养血或固摄为核心：补气、回阳、救脱、元阳虚脱，危在顷刻者,B-学派课程+逐方功效主治,https://higher.smartedu.cn/course/671ad50b16d8a05eedca4325；https://amr.sz.gov.cn/attachment/1/1620/1620360/9772233.pdf,是,流派只作已准入候选排序加分，不放宽安全/证据准入。
41,四逆散,《伤寒论》,经方思路,规则级,是,规则级,透邪解郁；疏肝理脾,少阴病，阳郁于里，致患热厥，以及肝失条达，气郁致厥，手足厥冷，或咳，或悸，或小便不利，或腹中痛，或泄痢下重，脉弦细,出处为《伤寒论》或《金匮要略》，按狭义经方口径归入经方思路。,A-规则级：著作归属,https://cntcm.com.cn/content/202407/03/c253460.html,是,流派只作已准入候选排序加分，不放宽安全/证据准入。
42,四逆汤,《伤寒论》,经方思路,规则级,是,规则级,回阳救逆,少阴病，四肢厥逆，恶寒踡卧，呕吐腹痛，下利清谷，神衰欲寐，以及太阳病误汗亡阳，脉沉迟微细者,出处为《伤寒论》或《金匮要略》，按狭义经方口径归入经方思路。,A-规则级：著作归属,https://cntcm.com.cn/content/202407/03/c253460.html,是,流派只作已准入候选排序加分，不放宽安全/证据准入。
43,回阳救急汤,《伤寒论》,经方思路,规则级,是,规则级,回阳固脱；益气生脉,寒邪直中阴经，恶寒，四肢冷厥，战栗腹疼，吐泻不渴，踡卧沉重，或手指甲唇青，或口吐涎沫，或脉来沉迟无力,出处为《伤寒论》或《金匮要略》，按狭义经方口径归入经方思路。,A-规则级：著作归属,https://cntcm.com.cn/content/202407/03/c253460.html,是,流派只作已准入候选排序加分，不放宽安全/证据准入。
44,固阴煎,《景岳全书》,温补/扶阳思路,逐首勾选,是,逐首建议,补益肝肾；固涩滑脱,肝肾亏虚之遗泄，崩带，经多，胎动，产后恶露不止，妇人阴挺,功效/主治以补虚、温肾、回阳、益气养血或固摄为核心：补益肝肾、固涩滑脱、肝肾亏虚之遗泄，崩带，经多，胎动，产后恶露不止，妇人阴挺,B-学派课程+逐方功效主治,https://higher.smartedu.cn/course/671ad50b16d8a05eedca4325；https://amr.sz.gov.cn/attachment/1/1620/1620360/9772233.pdf,是,流派只作已准入候选排序加分，不放宽安全/证据准入。
45,增液承气汤,《温病条辨》,温病思路,规则级,是,规则级,血虚肠燥便秘证,阳明温病，热结阴亏，燥屎不行，下之不通，津液不足，无水舟停，服增液汤不下者,出处为温病学派核心著作，归入温病思路。,A-规则级：著作归属,https://higher.smartedu.cn/course/671ad50b16d8a05eedca4325,是,流派只作已准入候选排序加分，不放宽安全/证据准入。
46,增液汤,《温病条辨》,温病思路,规则级,是,规则级,增液润燥,阳明温病，无上焦证，数日不大便，其阴素虚，不可用承气汤者,出处为温病学派核心著作，归入温病思路。,A-规则级：著作归属,https://higher.smartedu.cn/course/671ad50b16d8a05eedca4325,是,流派只作已准入候选排序加分，不放宽安全/证据准入。
47,大半夏汤,《金匮要略》,经方思路,规则级,是,规则级,和胃降逆；益气润燥,胃反呕吐，朝食暮吐，或暮食朝吐,出处为《伤寒论》或《金匮要略》，按狭义经方口径归入经方思路。,A-规则级：著作归属,https://cntcm.com.cn/content/202407/03/c253460.html,是,流派只作已准入候选排序加分，不放宽安全/证据准入。
48,大安丸,《丹溪心法》,滋阴/丹溪思路,逐首勾选,否,逐首建议,消食和胃健脾,食积。脾虚食滞不化,虽载于《丹溪心法》或附余，但核心为消食、健脾、温肾、祛湿、逐痰或解毒，不宜按‘滋阴/丹溪’加权：消食和胃健脾、食积。脾虚食滞不化,B-学术史资料+逐方功效主治,https://www.cntcm.com.cn/content/202306/21/c225799.html；https://amr.sz.gov.cn/attachment/1/1620/1620360/9772233.pdf,是,流派只作已准入候选排序加分，不放宽安全/证据准入。
49,大定风珠,《温病条辨》,温病思路,规则级,是,规则级,滋阴熄风,下焦温病，热邪久羁，吸烁真阴，神倦瘈疭，脉气虚弱，舌绛苔少，时时欲脱者,出处为温病学派核心著作，归入温病思路。,A-规则级：著作归属,https://higher.smartedu.cn/course/671ad50b16d8a05eedca4325,是,流派只作已准入候选排序加分，不放宽安全/证据准入。
50,大建中汤,《金匮要略》,经方思路,规则级,是,规则级,温中补虚；降逆止痛,脾胃虚寒，心胸中大寒痛，呕不能食，腹中寒，上冲皮起，出见有头足，上下痛而不可触近,出处为《伤寒论》或《金匮要略》，按狭义经方口径归入经方思路。,A-规则级：著作归属,https://cntcm.com.cn/content/202407/03/c253460.html,是,流派只作已准入候选排序加分，不放宽安全/证据准入。
51,大承气汤,《伤寒论》,经方思路,规则级,是,规则级,峻下热结,阳明腑实证；热结旁流证；里热实证之热厥、痉病或发狂等,出处为《伤寒论》或《金匮要略》，按狭义经方口径归入经方思路。,A-规则级：著作归属,https://cntcm.com.cn/content/202407/03/c253460.html,是,流派只作已准入候选排序加分，不放宽安全/证据准入。
52,大柴胡汤,《金匮要略》,经方思路,规则级,是,规则级,和解少阳；内泻热结,少阳，阳明合病，往来寒热，胸胁苦满，呕不止，郁郁微烦，心下痞硬或满痛，大便秘结，或协热下利，舌苔黄，脉弦有力者,出处为《伤寒论》或《金匮要略》，按狭义经方口径归入经方思路。,A-规则级：著作归属,https://cntcm.com.cn/content/202407/03/c253460.html,是,流派只作已准入候选排序加分，不放宽安全/证据准入。
53,大营煎,《景岳全书》,温补/扶阳思路,逐首勾选,是,逐首建议,温经扶阳；养血填精,真阴精血亏损，以及妇人经迟血少，腰膝筋骨疼痛，阳痿,功效/主治以补虚、温肾、回阳、益气养血或固摄为核心：温经扶阳、养血填精、真阴精血亏损，以及妇人经迟血少，腰膝筋骨疼痛，阳痿,B-学派课程+逐方功效主治,https://higher.smartedu.cn/course/671ad50b16d8a05eedca4325；https://amr.sz.gov.cn/attachment/1/1620/1620360/9772233.pdf,是,流派只作已准入候选排序加分，不放宽安全/证据准入。
54,大补元煎,《景岳全书》,温补/扶阳思路,逐首勾选,是,逐首建议,救本培元；大补气血,气血大亏，精神失守之危剧病证,功效/主治以补虚、温肾、回阳、益气养血或固摄为核心：救本培元、大补气血、气血大亏，精神失守之危剧病证,B-学派课程+逐方功效主治,https://higher.smartedu.cn/course/671ad50b16d8a05eedca4325；https://amr.sz.gov.cn/attachment/1/1620/1620360/9772233.pdf,是,流派只作已准入候选排序加分，不放宽安全/证据准入。
55,大补阴丸,《丹溪心法》,滋阴/丹溪思路,逐首勾选,是,逐首建议,滋阴降火,肝肾阴虚，由虚生热，骨蒸潮热，盗汗，足膝疼热舌红少苔，尺脉数而有力,体现丹溪滋阴降火、湿热/痰火、郁证等学术取向：滋阴降火、肝肾阴虚，由虚生热，骨蒸潮热，盗汗，足膝疼热舌红少苔，尺脉数而有力,B-学术史资料+逐方功效主治,https://www.cntcm.com.cn/content/202306/21/c225799.html；https://amr.sz.gov.cn/attachment/1/1620/1620360/9772233.pdf,是,流派只作已准入候选排序加分，不放宽安全/证据准入。
56,大陷胸汤,《伤寒论》,经方思路,规则级,是,规则级,泻热逐水,结胸证，不大便五六日，舌上燥而渴，日晡小有潮热，从心下至少腹硬满而痛不可近，或短气烦躁，脉沉而紧，按之有力者,出处为《伤寒论》或《金匮要略》，按狭义经方口径归入经方思路。,A-规则级：著作归属,https://cntcm.com.cn/content/202407/03/c253460.html,是,流派只作已准入候选排序加分，不放宽安全/证据准入。
57,大青龙汤,《伤寒论》,经方思路,规则级,是,规则级,发汗解表；兼清里热,外感风寒，兼有里热，恶寒发热，身疼痛，无汗烦躁，脉浮紧，亦治溢饮，见上述症状而兼喘咳面浮者,出处为《伤寒论》或《金匮要略》，按狭义经方口径归入经方思路。,A-规则级：著作归属,https://cntcm.com.cn/content/202407/03/c253460.html,是,流派只作已准入候选排序加分，不放宽安全/证据准入。
58,大黄䗪虫丸,《金匮要略·血痹虚劳病脉证并治第六》,经方思路,规则级,是,规则级,,,出处为《伤寒论》或《金匮要略》，按狭义经方口径归入经方思路。,A-规则级：著作归属,https://cntcm.com.cn/content/202407/03/c253460.html,是,流派只作已准入候选排序加分，不放宽安全/证据准入。
59,大黄牡丹汤,《金匮要略》,经方思路,规则级,是,规则级,泻热破瘀；散结消肿,肠痈初起，右少腹疼痛拒按，甚则局部有痞块，发热恶寒，自汗出，或右足屈而不伸，苔黄腻，脉滑数者,出处为《伤寒论》或《金匮要略》，按狭义经方口径归入经方思路。,A-规则级：著作归属,https://cntcm.com.cn/content/202407/03/c253460.html,是,流派只作已准入候选排序加分，不放宽安全/证据准入。
60,大黄蟅虫丸,《金匮要略》,经方思路,规则级,是,规则级,活血破瘀；通经消痞,五劳虚极所致正虚而致血瘀之证,出处为《伤寒论》或《金匮要略》，按狭义经方口径归入经方思路。,A-规则级：著作归属,https://cntcm.com.cn/content/202407/03/c253460.html,是,流派只作已准入候选排序加分，不放宽安全/证据准入。
61,大黄附子汤,《金匮要略》,经方思路,规则级,是,规则级,温里散寒；通便止痛,寒邪与积滞互结肠道，胁下或腰胯偏痛，便秘，手足不温，苔白，脉紧弦,出处为《伤寒论》或《金匮要略》，按狭义经方口径归入经方思路。,A-规则级：著作归属,https://cntcm.com.cn/content/202407/03/c253460.html,是,流派只作已准入候选排序加分，不放宽安全/证据准入。
62,大黄黄连泻心汤,《伤寒论》,经方思路,规则级,是,规则级,泻热消痞；和胃开结,心下痞，按之濡，其脉关上浮者,出处为《伤寒论》或《金匮要略》，按狭义经方口径归入经方思路。,A-规则级：著作归属,https://cntcm.com.cn/content/202407/03/c253460.html,是,流派只作已准入候选排序加分，不放宽安全/证据准入。
63,安宫牛黄丸,《温病条辨》,温病思路,规则级,是,规则级,清热解毒；开窍醒神,温热病，热邪内陷心包，痰热壅闭心窍，高热烦躁神昏谵语，或舌蹇肢厥，或下利脉实，以及中风窍闭，小儿惊厥属痰热内闭心窍者,出处为温病学派核心著作，归入温病思路。,A-规则级：著作归属,https://higher.smartedu.cn/course/671ad50b16d8a05eedca4325,是,流派只作已准入候选排序加分，不放宽安全/证据准入。
64,宣清导浊汤,《温病条辨》,温病思路,规则级,是,规则级,,,出处为温病学派核心著作，归入温病思路。,A-规则级：著作归属,https://higher.smartedu.cn/course/671ad50b16d8a05eedca4325,是,流派只作已准入候选排序加分，不放宽安全/证据准入。
65,宣痹汤,《温病条辨》,温病思路,规则级,是,规则级,清化湿热；宣痹通络,湿热痹证，湿聚热蒸，阻于经络，寒战发热，骨节烦疼，面色痿黄，小便短赤，舌苔黄腻或灰滞,出处为温病学派核心著作，归入温病思路。,A-规则级：著作归属,https://higher.smartedu.cn/course/671ad50b16d8a05eedca4325,是,流派只作已准入候选排序加分，不放宽安全/证据准入。
66,射干麻黄汤,《金匮要略》,经方思路,规则级,是,规则级,宣肺祛痰；下气止咳,外感风寒，痰饮上逆，咳而上气，喉中有水鸡声,出处为《伤寒论》或《金匮要略》，按狭义经方口径归入经方思路。,A-规则级：著作归属,https://cntcm.com.cn/content/202407/03/c253460.html,是,流派只作已准入候选排序加分，不放宽安全/证据准入。
67,小建中汤,《伤寒论》,经方思路,规则级,是,规则级,温中补虚；和里缓急,虚劳里急，腹中时痛，喜得温按，按之则痛减，舌淡苔白，或心中悸动，虚烦不宁，面色无华，或四肢酸疼，手足烦热，咽干口燥,出处为《伤寒论》或《金匮要略》，按狭义经方口径归入经方思路。,A-规则级：著作归属,https://cntcm.com.cn/content/202407/03/c253460.html,是,流派只作已准入候选排序加分，不放宽安全/证据准入。
68,小承气汤,《伤寒论》,经方思路,规则级,是,规则级,轻下热结；除满消痞,伤寒阳明腑实证，谵语潮热，大便秘结，胸腹痞满舌苔黄，脉滑数，痢疾初起，腹中痞痛，或脘腹胀满，里急后重者,出处为《伤寒论》或《金匮要略》，按狭义经方口径归入经方思路。,A-规则级：著作归属,https://cntcm.com.cn/content/202407/03/c253460.html,是,流派只作已准入候选排序加分，不放宽安全/证据准入。
69,小柴胡汤,《伤寒论》,经方思路,规则级,是,规则级,和解少阳,伤寒少阳证；热入血室证；疟疾、黄疸以及内伤杂病而见少阳证者,出处为《伤寒论》或《金匮要略》，按狭义经方口径归入经方思路。,A-规则级：著作归属,https://cntcm.com.cn/content/202407/03/c253460.html,是,流派只作已准入候选排序加分，不放宽安全/证据准入。
70,小营煎,《景岳全书》,温补/扶阳思路,逐首勾选,留空,逐首建议,养血；活血；调经,阴虚血少，头晕心悸，面色萎黄，脉象细弱，妇女月经后期，量少色淡，小腹虚痛,偏滋阴/清热或单纯养血，是否纳入广义景岳温补取向需医生定口径：养血、活血、调经、阴虚血少，头晕心悸，面色萎黄，脉象细弱，妇女月经后期，量少色淡，小腹虚痛,B-学派课程+逐方功效主治,https://higher.smartedu.cn/course/671ad50b16d8a05eedca4325；https://amr.sz.gov.cn/attachment/1/1620/1620360/9772233.pdf,是,流派只作已准入候选排序加分，不放宽安全/证据准入。
71,小陷胸汤,《伤寒论》,经方思路,规则级,是,规则级,清热化痰；宽胸散结,小结胸病，痰热互结，胸脘痞闷，按之则痛，或咳痰黄稠，舌苔黄腻，脉滑数者,出处为《伤寒论》或《金匮要略》，按狭义经方口径归入经方思路。,A-规则级：著作归属,https://cntcm.com.cn/content/202407/03/c253460.html,是,流派只作已准入候选排序加分，不放宽安全/证据准入。
72,小青龙汤,《伤寒论》,经方思路,规则级,是,规则级,解表散寒；温肺化饮,风寒客表，水饮内停，恶寒发热，无汗，咳喘，痰多而稀，舌苔白滑，脉浮，溢饮，身体重病，肌肤悉肿,出处为《伤寒论》或《金匮要略》，按狭义经方口径归入经方思路。,A-规则级：著作归属,https://cntcm.com.cn/content/202407/03/c253460.html,是,流派只作已准入候选排序加分，不放宽安全/证据准入。
73,左归丸,《景岳全书》,温补/扶阳思路,逐首勾选,是,逐首建议,滋阴补肾；填精益髓,真阴肾水不足，不能滋养营卫，渐至衰弱，或虚热往来，自汗盗汗，或遗淋不禁，或眼花耳聋，或口燥舌干，或腰酸腿软,功效/主治以补虚、温肾、回阳、益气养血或固摄为核心：滋阴补肾、填精益髓、真阴肾水不足，不能滋养营卫，渐至衰弱，或虚热往来，自汗盗汗，或遗淋不禁，或眼花耳聋，或口燥舌干，或腰酸腿软,B-学派课程+逐方功效主治,https://higher.smartedu.cn/course/671ad50b16d8a05eedca4325；https://amr.sz.gov.cn/attachment/1/1620/1620360/9772233.pdf,是,流派只作已准入候选排序加分，不放宽安全/证据准入。
74,左金丸,《丹溪心法》,滋阴/丹溪思路,逐首勾选,是,逐首建议,清泻肝火；降逆止呕,肝火犯胃，胁肋及脘腹胀痛，呕吐口苦，吞酸嘈杂嗳气，口干，舌红苔黄，脉弦数,体现丹溪滋阴降火、湿热/痰火、郁证等学术取向：清泻肝火、降逆止呕、肝火犯胃，胁肋及脘腹胀痛，呕吐口苦，吞酸嘈杂嗳气，口干，舌红苔黄，脉弦数,B-学术史资料+逐方功效主治,https://www.cntcm.com.cn/content/202306/21/c225799.html；https://amr.sz.gov.cn/attachment/1/1620/1620360/9772233.pdf,是,流派只作已准入候选排序加分，不放宽安全/证据准入。
75,己椒苈黄丸,《金匮要略》,经方思路,规则级,是,规则级,泻热逐水；通利二便,水饮积聚脘腹，肠间有声，腹满便秘，小便不利，口干舌燥，脉沉弦,出处为《伤寒论》或《金匮要略》，按狭义经方口径归入经方思路。,A-规则级：著作归属,https://cntcm.com.cn/content/202407/03/c253460.html,是,流派只作已准入候选排序加分，不放宽安全/证据准入。
76,归肾丸,《景岳全书》,温补/扶阳思路,逐首勾选,是,逐首建议,滋阴养血；填精益髓,肾水不足，腰酸脚软，精亏血少，头晕耳鸣；肾阴不足，精衰血少，腰酸脚软，形容憔悴，阳痿遗精,功效/主治以补虚、温肾、回阳、益气养血或固摄为核心：滋阴养血、填精益髓、肾水不足，腰酸脚软，精亏血少，头晕耳鸣；肾阴不足，精衰血少，腰酸脚软，形容憔悴，阳痿遗精,B-学派课程+逐方功效主治,https://higher.smartedu.cn/course/671ad50b16d8a05eedca4325；https://amr.sz.gov.cn/attachment/1/1620/1620360/9772233.pdf,是,流派只作已准入候选排序加分，不放宽安全/证据准入。
77,当归四逆汤,《伤寒论》,经方思路,规则级,是,规则级,温经散寒；养血通脉,厥阴伤寒，血脉凝涩，手足厥寒，脉细欲绝，或肠鸣腹痛，下利不止，或阴囊疝气，睾丸掣痛，牵引少腹,出处为《伤寒论》或《金匮要略》，按狭义经方口径归入经方思路。,A-规则级：著作归属,https://cntcm.com.cn/content/202407/03/c253460.html,是,流派只作已准入候选排序加分，不放宽安全/证据准入。
78,当归生姜羊肉汤,《金匮要略》,经方思路,规则级,是,规则级,补气养血；温中暖肾,产后血虚，腹中冷痛，寒疝腹中痛，以及虚劳不足等,出处为《伤寒论》或《金匮要略》，按狭义经方口径归入经方思路。,A-规则级：著作归属,https://cntcm.com.cn/content/202407/03/c253460.html,是,流派只作已准入候选排序加分，不放宽安全/证据准入。
79,当归芍药散,《金匮要略》,经方思路,规则级,是,规则级,疏肝健脾；活血化瘀；健脾利湿,妇人妊娠，肝郁气滞，脾虚湿胜，腹中疠痛,出处为《伤寒论》或《金匮要略》，按狭义经方口径归入经方思路。,A-规则级：著作归属,https://cntcm.com.cn/content/202407/03/c253460.html,是,流派只作已准入候选排序加分，不放宽安全/证据准入。
80,抵当汤,《伤寒论》,经方思路,规则级,是,规则级,攻逐蓄血,伤寒瘀热在里，血蓄下焦，不结胸而少腹硬满,出处为《伤寒论》或《金匮要略》，按狭义经方口径归入经方思路。,A-规则级：著作归属,https://cntcm.com.cn/content/202407/03/c253460.html,是,流派只作已准入候选排序加分，不放宽安全/证据准入。
81,新加香薷饮,《温病条辨》,温病思路,规则级,是,规则级,祛暑解表；清热化湿,"暑温初起，夏感寒邪，恶寒发热，身重,痛，面赤口渴，胸闷不舒，汗不出，舌苔白腻，脉浮而数者",出处为温病学派核心著作，归入温病思路。,A-规则级：著作归属,https://higher.smartedu.cn/course/671ad50b16d8a05eedca4325,是,流派只作已准入候选排序加分，不放宽安全/证据准入。
82,旋覆代赭汤,《伤寒论》,经方思路,规则级,是,规则级,降逆化痰；益气和胃,胃虚痰阻气逆证,出处为《伤寒论》或《金匮要略》，按狭义经方口径归入经方思路。,A-规则级：著作归属,https://cntcm.com.cn/content/202407/03/c253460.html,是,流派只作已准入候选排序加分，不放宽安全/证据准入。
83,暖肝煎,《景岳全书》,温补/扶阳思路,逐首勾选,是,逐首建议,温补肝肾；行气止痛,肝肾阴寒，小腹疼痛，疝气,功效/主治以补虚、温肾、回阳、益气养血或固摄为核心：温补肝肾、行气止痛、肝肾阴寒，小腹疼痛，疝气,B-学派课程+逐方功效主治,https://higher.smartedu.cn/course/671ad50b16d8a05eedca4325；https://amr.sz.gov.cn/attachment/1/1620/1620360/9772233.pdf,是,流派只作已准入候选排序加分，不放宽安全/证据准入。
84,杏苏散,《温病条辨》,温病思路,规则级,是,规则级,轻宣凉燥；化痰止咳,外感凉燥，头微痛，恶寒无汗，咳嗽痰稀，鼻塞嗌塞，苔白脉弦,出处为温病学派核心著作，归入温病思路。,A-规则级：著作归属,https://higher.smartedu.cn/course/671ad50b16d8a05eedca4325,是,流派只作已准入候选排序加分，不放宽安全/证据准入。
85,枳实芍药散,《金匮要略》,经方思路,规则级,是,规则级,,,出处为《伤寒论》或《金匮要略》，按狭义经方口径归入经方思路。,A-规则级：著作归属,https://cntcm.com.cn/content/202407/03/c253460.html,是,流派只作已准入候选排序加分，不放宽安全/证据准入。
86,枳实薤白桂枝汤,《金匮要略》,经方思路,规则级,是,规则级,通阳散结；祛痰下气,胸阳不振，痰气互结之胸痹证,出处为《伤寒论》或《金匮要略》，按狭义经方口径归入经方思路。,A-规则级：著作归属,https://cntcm.com.cn/content/202407/03/c253460.html,是,流派只作已准入候选排序加分，不放宽安全/证据准入。
87,柴胡枳桔汤,《通俗伤寒论》,经方思路,规则级,是,规则级,和解透表；畅利胸隔,外感初传少阳，寒热往来，胸胁痞满，或痛，或呕或哕者,出处为《伤寒论》或《金匮要略》，按狭义经方口径归入经方思路。,A-规则级：著作归属,https://cntcm.com.cn/content/202407/03/c253460.html,是,流派只作已准入候选排序加分，不放宽安全/证据准入。
88,柴胡桂枝干姜汤,《伤寒论》,经方思路,规则级,是,规则级,和解少阳；温阳化饮,伤寒少阳证，往来寒热，寒重热轻，胸胁满微结，小便不利，渴而不呕，但头汗出，心烦，牡疟寒多热少，或但寒不热,出处为《伤寒论》或《金匮要略》，按狭义经方口径归入经方思路。,A-规则级：著作归属,https://cntcm.com.cn/content/202407/03/c253460.html,是,流派只作已准入候选排序加分，不放宽安全/证据准入。
89,柴胡疏肝散,《景岳全书》,温补/扶阳思路,逐首勾选,否,逐首建议,疏肝行气；活血止痛,胁肋疼痛，寒热往来,该方虽出《景岳全书》，但核心治法为疏肝、清热、化痰、解表、活血或攻瘀，并非温补优先：疏肝行气、活血止痛、胁肋疼痛，寒热往来,B-学派课程+逐方功效主治,https://higher.smartedu.cn/course/671ad50b16d8a05eedca4325；https://amr.sz.gov.cn/attachment/1/1620/1620360/9772233.pdf,是,流派只作已准入候选排序加分，不放宽安全/证据准入。
90,柴胡达原饮,《重订通俗伤寒论》,经方思路,规则级,是,规则级,宣湿化痰；透达膜原,痰疟，痰湿阻于膜原，胸膈痞满，心烦懊恼，头眩口腻，咳痰不爽，间日疟发，舌苔粗如积粉，扪之糙涩者,出处为《伤寒论》或《金匮要略》，按狭义经方口径归入经方思路。,A-规则级：著作归属,https://cntcm.com.cn/content/202407/03/c253460.html,是,流派只作已准入候选排序加分，不放宽安全/证据准入。
91,柴胡陷胸汤,《通俗伤寒论》,经方思路,规则级,是,规则级,,,出处为《伤寒论》或《金匮要略》，按狭义经方口径归入经方思路。,A-规则级：著作归属,https://cntcm.com.cn/content/202407/03/c253460.html,是,流派只作已准入候选排序加分，不放宽安全/证据准入。
92,栀子大黄汤,《金匮要略》,经方思路,规则级,是,规则级,,,出处为《伤寒论》或《金匮要略》，按狭义经方口径归入经方思路。,A-规则级：著作归属,https://cntcm.com.cn/content/202407/03/c253460.html,是,流派只作已准入候选排序加分，不放宽安全/证据准入。
93,栀子柏皮汤,《伤寒论》,经方思路,规则级,是,规则级,清热泻湿退黄,伤寒身黄发热,出处为《伤寒论》或《金匮要略》，按狭义经方口径归入经方思路。,A-规则级：著作归属,https://cntcm.com.cn/content/202407/03/c253460.html,是,流派只作已准入候选排序加分，不放宽安全/证据准入。
94,栀子金花丸,《景岳全书》,温补/扶阳思路,逐首勾选,否,逐首建议,清热泻火；凉血解毒,肺胃热盛，口舌生疮，牙龈肿痛，目赤眩晕，咽喉肿痛，大便秘结,该方虽出《景岳全书》，但核心治法为疏肝、清热、化痰、解表、活血或攻瘀，并非温补优先：清热泻火、凉血解毒、肺胃热盛，口舌生疮，牙龈肿痛，目赤眩晕，咽喉肿痛，大便秘结,B-学派课程+逐方功效主治,https://higher.smartedu.cn/course/671ad50b16d8a05eedca4325；https://amr.sz.gov.cn/attachment/1/1620/1620360/9772233.pdf,是,流派只作已准入候选排序加分，不放宽安全/证据准入。
95,桂枝人参汤,《伤寒论》,经方思路,规则级,是,规则级,温中解表,太阳病，外证未除，而数下之，遂胁热下利，利下不止，心下痞硬，表里不解者,出处为《伤寒论》或《金匮要略》，按狭义经方口径归入经方思路。,A-规则级：著作归属,https://cntcm.com.cn/content/202407/03/c253460.html,是,流派只作已准入候选排序加分，不放宽安全/证据准入。
96,桂枝加厚朴杏子汤,《伤寒论》,经方思路,规则级,是,规则级,解肌发表；降气平喘,素患喘病，外感风寒，恶寒发热，头痛自汗，鼻塞喘咳者,出处为《伤寒论》或《金匮要略》，按狭义经方口径归入经方思路。,A-规则级：著作归属,https://cntcm.com.cn/content/202407/03/c253460.html,是,流派只作已准入候选排序加分，不放宽安全/证据准入。
97,桂枝加葛根汤,《伤寒论》第17条,经方思路,规则级,是,规则级,,,出处为《伤寒论》或《金匮要略》，按狭义经方口径归入经方思路。,A-规则级：著作归属,https://cntcm.com.cn/content/202407/03/c253460.html,是,流派只作已准入候选排序加分，不放宽安全/证据准入。
98,桂枝汤,《伤寒论》,经方思路,规则级,是,规则级,解肌发表；调和营卫,外感风寒表虚证。头痛发热，汗出恶风，鼻鸣干呕，苔白不渴，脉浮缓或浮弱者,出处为《伤寒论》或《金匮要略》，按狭义经方口径归入经方思路。,A-规则级：著作归属,https://cntcm.com.cn/content/202407/03/c253460.html,是,流派只作已准入候选排序加分，不放宽安全/证据准入。
99,桂枝甘草龙骨牡蛎汤,《伤寒论》,经方思路,规则级,是,规则级,温补心阳；潜阳镇逆；收敛心气,心阳受损之烦躁不安,出处为《伤寒论》或《金匮要略》，按狭义经方口径归入经方思路。,A-规则级：著作归属,https://cntcm.com.cn/content/202407/03/c253460.html,是,流派只作已准入候选排序加分，不放宽安全/证据准入。
100,桂枝芍药知母汤,《金匮要略·中风历节病脉证并治第五》,经方思路,规则级,是,规则级,,,出处为《伤寒论》或《金匮要略》，按狭义经方口径归入经方思路。,A-规则级：著作归属,https://cntcm.com.cn/content/202407/03/c253460.html,是,流派只作已准入候选排序加分，不放宽安全/证据准入。
101,桂枝茯苓丸,《金匮要略》,经方思路,规则级,是,规则级,活血化瘀；缓消癥块,妇人宿有症病，经断未及三月，而得漏下不止，胎动在脐上，月经困难，经停腹胀痛，难产，胎死腹中，胞衣不下产后恶露不尽而腹痛拒按者,出处为《伤寒论》或《金匮要略》，按狭义经方口径归入经方思路。,A-规则级：著作归属,https://cntcm.com.cn/content/202407/03/c253460.html,是,流派只作已准入候选排序加分，不放宽安全/证据准入。
102,桂枝麻黄各半汤,《伤寒论》,经方思路,规则级,是,规则级,调和营卫；开表发汗,太阳病，得之八九日，如疟状，发热恶寒，热多寒少，一日二三度发，面色反有热色，无汗，身痒者,出处为《伤寒论》或《金匮要略》，按狭义经方口径归入经方思路。,A-规则级：著作归属,https://cntcm.com.cn/content/202407/03/c253460.html,是,流派只作已准入候选排序加分，不放宽安全/证据准入。
103,桃核承气汤,《伤寒论》,经方思路,规则级,是,规则级,逐瘀泻热,瘀热蓄于下焦，少腹急结，大便色黑，小便自利，甚则谵语烦渴，其人如狂，至夜发热，及血瘀经闭，痛经，产后恶露不下，脉沉实或涩,出处为《伤寒论》或《金匮要略》，按狭义经方口径归入经方思路。,A-规则级：著作归属,https://cntcm.com.cn/content/202407/03/c253460.html,是,流派只作已准入候选排序加分，不放宽安全/证据准入。
104,桃花汤,《伤寒论》,经方思路,规则级,是,规则级,温中涩肠,久痢不愈，便脓血，色黯不鲜，腹痛喜温喜按，舌质淡苔白，脉迟弱，或微细，现用于痢疾后期，伤寒肠出血，慢性肠炎，溃疡病，带下等属于脾肾阳虚者,出处为《伤寒论》或《金匮要略》，按狭义经方口径归入经方思路。,A-规则级：著作归属,https://cntcm.com.cn/content/202407/03/c253460.html,是,流派只作已准入候选排序加分，不放宽安全/证据准入。
105,桑杏汤,《温病条辨》,温病思路,规则级,是,规则级,清宣燥热；润燥止咳,秋感温燥，灼伤肺津，身不甚热，干咳无痰，咽干口渴，舌红，苔薄白而燥，右脉数大者,出处为温病学派核心著作，归入温病思路。,A-规则级：著作归属,https://higher.smartedu.cn/course/671ad50b16d8a05eedca4325,是,流派只作已准入候选排序加分，不放宽安全/证据准入。
106,桑白皮汤,《景岳全书》,温补/扶阳思路,逐首勾选,否,逐首建议,清火涤痰；止咳平喘,痰热壅肺，顿咳痉咳期,该方虽出《景岳全书》，但核心治法为疏肝、清热、化痰、解表、活血或攻瘀，并非温补优先：清火涤痰、止咳平喘、痰热壅肺，顿咳痉咳期,B-学派课程+逐方功效主治,https://higher.smartedu.cn/course/671ad50b16d8a05eedca4325；https://amr.sz.gov.cn/attachment/1/1620/1620360/9772233.pdf,是,流派只作已准入候选排序加分，不放宽安全/证据准入。
107,桑菊饮,《温病条辨》,温病思路,规则级,是,规则级,疏风清热；宣肺止咳,风温初起，咳嗽，身热不甚，口微渴，苔薄白，脉浮数者,出处为温病学派核心著作，归入温病思路。,A-规则级：著作归属,https://higher.smartedu.cn/course/671ad50b16d8a05eedca4325,是,流派只作已准入候选排序加分，不放宽安全/证据准入。
108,桔梗杏仁煎,《景岳全书》,温补/扶阳思路,逐首勾选,否,逐首建议,润肺止咳,咳嗽吐脓，痰中带血，或胸膈隐痛，将成肺痈者,该方虽出《景岳全书》，但核心治法为疏肝、清热、化痰、解表、活血或攻瘀，并非温补优先：润肺止咳、咳嗽吐脓，痰中带血，或胸膈隐痛，将成肺痈者,B-学派课程+逐方功效主治,https://higher.smartedu.cn/course/671ad50b16d8a05eedca4325；https://amr.sz.gov.cn/attachment/1/1620/1620360/9772233.pdf,是,流派只作已准入候选排序加分，不放宽安全/证据准入。
109,橘皮竹茹汤,《金匮要略》,经方思路,规则级,是,规则级,降逆止呕；益气清热,久病体弱或吐下后胃虚有热，气逆不降，呃逆或呕吐，舌嫩红，脉虚数,出处为《伤寒论》或《金匮要略》，按狭义经方口径归入经方思路。,A-规则级：著作归属,https://cntcm.com.cn/content/202407/03/c253460.html,是,流派只作已准入候选排序加分，不放宽安全/证据准入。
110,正柴胡饮,《景岳全书》,温补/扶阳思路,逐首勾选,否,逐首建议,解表散寒；解热止痛,外感风寒，发热恶寒，头疼身痛，痎疟初起,该方虽出《景岳全书》，但核心治法为疏肝、清热、化痰、解表、活血或攻瘀，并非温补优先：解表散寒、解热止痛、外感风寒，发热恶寒，头疼身痛，痎疟初起,B-学派课程+逐方功效主治,https://higher.smartedu.cn/course/671ad50b16d8a05eedca4325；https://amr.sz.gov.cn/attachment/1/1620/1620360/9772233.pdf,是,流派只作已准入候选排序加分，不放宽安全/证据准入。
111,毓麟珠,《景岳全书》,温补/扶阳思路,逐首勾选,是,逐首建议,补益气血；温养肝肾；强固冲任；调经助孕,妇人气血不足，肝肾两虚，月经不调，或后错色淡，或量少腹痛，或淋沥不断，腰膝酸软，小腹冷痛，性欲减退，身体瘦弱，久不受孕等,功效/主治以补虚、温肾、回阳、益气养血或固摄为核心：补益气血、温养肝肾、强固冲任、调经助孕、妇人气血不足，肝肾两虚，月经不调，或后错色淡，或量少腹痛，或淋沥不断，腰膝酸软，小腹冷痛，性欲减退，身体瘦弱，久不受孕等,B-学派课程+逐方功效主治,https://higher.smartedu.cn/course/671ad50b16d8a05eedca4325；https://amr.sz.gov.cn/attachment/1/1620/1620360/9772233.pdf,是,流派只作已准入候选排序加分，不放宽安全/证据准入。
112,沙参麦冬汤,《温病条辨》,温病思路,规则级,是,规则级,滋阴润肺；化痰止咳,燥伤肺胃阴分，津液亏损，咽干口渴，干咳痰少而粘，或发热，脉细数，舌红少苔者,出处为温病学派核心著作，归入温病思路。,A-规则级：著作归属,https://higher.smartedu.cn/course/671ad50b16d8a05eedca4325,是,流派只作已准入候选排序加分，不放宽安全/证据准入。
113,法半夏厚朴汤,《金匮要略》,经方思路,规则级,是,规则级,行气散结；降逆化痰,梅核气,出处为《伤寒论》或《金匮要略》，按狭义经方口径归入经方思路。,A-规则级：著作归属,https://cntcm.com.cn/content/202407/03/c253460.html,是,流派只作已准入候选排序加分，不放宽安全/证据准入。
114,泰山磐石散,《景岳全书》,温补/扶阳思路,逐首勾选,是,逐首建议,益气健脾；养血安胎,气血虚弱，胎动不安，堕胎，滑胎,功效/主治以补虚、温肾、回阳、益气养血或固摄为核心：益气健脾、养血安胎、气血虚弱，胎动不安，堕胎，滑胎,B-学派课程+逐方功效主治,https://higher.smartedu.cn/course/671ad50b16d8a05eedca4325；https://amr.sz.gov.cn/attachment/1/1620/1620360/9772233.pdf,是,流派只作已准入候选排序加分，不放宽安全/证据准入。
115,泻心汤,《金匮要略》,经方思路,规则级,是,规则级,泻火消痞,邪热壅滞心下，气机痞塞证,出处为《伤寒论》或《金匮要略》，按狭义经方口径归入经方思路。,A-规则级：著作归属,https://cntcm.com.cn/content/202407/03/c253460.html,是,流派只作已准入候选排序加分，不放宽安全/证据准入。
116,泽泻汤,《金匮要略》,经方思路,规则级,是,规则级,,,出处为《伤寒论》或《金匮要略》，按狭义经方口径归入经方思路。,A-规则级：著作归属,https://cntcm.com.cn/content/202407/03/c253460.html,是,流派只作已准入候选排序加分，不放宽安全/证据准入。
117,济川煎,《景岳全书》,温补/扶阳思路,逐首勾选,是,逐首建议,温肾益精；润肠通便,老年肾虚，大便秘结，小便清长，腰酸足软，背冷畏寒,功效/主治以补虚、温肾、回阳、益气养血或固摄为核心：温肾益精、润肠通便、老年肾虚，大便秘结，小便清长，腰酸足软，背冷畏寒,B-学派课程+逐方功效主治,https://higher.smartedu.cn/course/671ad50b16d8a05eedca4325；https://amr.sz.gov.cn/attachment/1/1620/1620360/9772233.pdf,是,流派只作已准入候选排序加分，不放宽安全/证据准入。
118,济生肾气丸,《金匮要略》,经方思路,规则级,是,规则级,温补脾肾；行气利水,肾虚水肿，小便不利,出处为《伤寒论》或《金匮要略》，按狭义经方口径归入经方思路。,A-规则级：著作归属,https://cntcm.com.cn/content/202407/03/c253460.html,是,流派只作已准入候选排序加分，不放宽安全/证据准入。
119,清宫汤,《温病条辨》,温病思路,规则级,是,规则级,清心解毒；养阴生津,温病，邪陷心包，发热，神昏谵语者,出处为温病学派核心著作，归入温病思路。,A-规则级：著作归属,https://higher.smartedu.cn/course/671ad50b16d8a05eedca4325,是,流派只作已准入候选排序加分，不放宽安全/证据准入。
120,清暑益气汤,《温热经纬》,温病思路,规则级,是,规则级,清暑益气；养阴生津,暑热耗气伤津，身热汗多，心烦口渴，小便短赤，体倦少气，精神不振，脉虚数者,出处为温病学派核心著作，归入温病思路。,A-规则级：著作归属,https://higher.smartedu.cn/course/671ad50b16d8a05eedca4325,是,流派只作已准入候选排序加分，不放宽安全/证据准入。
121,清络饮,《温病条辨》,温病思路,规则级,是,规则级,祛暑清热,暑温经发汗后，暑证悉减，但头微胀，目不了了，余邪未解者，或暑伤肺经气分之轻证,出处为温病学派核心著作，归入温病思路。,A-规则级：著作归属,https://higher.smartedu.cn/course/671ad50b16d8a05eedca4325,是,流派只作已准入候选排序加分，不放宽安全/证据准入。
122,清营汤,《金匮要略》,经方思路,规则级,是,规则级,清营解毒；透热养阴,温病邪热传营，身热夜甚，口渴或不渴，时有谵语心烦不眠，或斑疹隐隐，舌绛而干，脉细数,出处为《伤寒论》或《金匮要略》，按狭义经方口径归入经方思路。,A-规则级：著作归属,https://cntcm.com.cn/content/202407/03/c253460.html,是,流派只作已准入候选排序加分，不放宽安全/证据准入。
123,炙甘草汤,《伤寒论》,经方思路,规则级,是,规则级,益气滋阴；通阳复脉,气虚血弱，虚羸少气，心悸心慌，虚烦失眠，大便干结，舌质淡红少苔，脉结代，虚劳肺瘘，久咳不止，涎唾甚多，咽燥而渴，痰中有血，心悸，心烦，少气，失眠，自汗盗汗，脉虚数,出处为《伤寒论》或《金匮要略》，按狭义经方口径归入经方思路。,A-规则级：著作归属,https://cntcm.com.cn/content/202407/03/c253460.html,是,流派只作已准入候选排序加分，不放宽安全/证据准入。
124,独参汤,《景岳全书》,温补/扶阳思路,逐首勾选,是,逐首建议,大补元气,诸虚气弱危急者,功效/主治以补虚、温肾、回阳、益气养血或固摄为核心：大补元气、诸虚气弱危急者,B-学派课程+逐方功效主治,https://higher.smartedu.cn/course/671ad50b16d8a05eedca4325；https://amr.sz.gov.cn/attachment/1/1620/1620360/9772233.pdf,是,流派只作已准入候选排序加分，不放宽安全/证据准入。
125,猪苓汤,《伤寒论》,经方思路,规则级,是,规则级,利水；养阴；清热,水热互结，邪热伤阴所致的发热，渴欲引水，或下利，咳而呕渴，心烦不得眠者,出处为《伤寒论》或《金匮要略》，按狭义经方口径归入经方思路。,A-规则级：著作归属,https://cntcm.com.cn/content/202407/03/c253460.html,是,流派只作已准入候选排序加分，不放宽安全/证据准入。
126,玉女煎,《景岳全书》,温补/扶阳思路,逐首勾选,否,逐首建议,清胃热；滋肾阴,水亏火盛，六脉浮洪滑大，少阴不足，阳明有余，烦热干渴，头痛牙疼，失血,该方虽出《景岳全书》，但核心治法为疏肝、清热、化痰、解表、活血或攻瘀，并非温补优先：清胃热、滋肾阴、水亏火盛，六脉浮洪滑大，少阴不足，阳明有余，烦热干渴，头痛牙疼，失血,B-学派课程+逐方功效主治,https://higher.smartedu.cn/course/671ad50b16d8a05eedca4325；https://amr.sz.gov.cn/attachment/1/1620/1620360/9772233.pdf,是,流派只作已准入候选排序加分，不放宽安全/证据准入。
127,理中丸,《伤寒论》,经方思路,规则级,是,规则级,温中散寒；补气健脾,脾胃虚寒证，或阳虚失血证，或小儿慢惊，或病后喜唾涎沫，或脾胃虚寒所致的胸痹等证,出处为《伤寒论》或《金匮要略》，按狭义经方口径归入经方思路。,A-规则级：著作归属,https://cntcm.com.cn/content/202407/03/c253460.html,是,流派只作已准入候选排序加分，不放宽安全/证据准入。
128,理中汤,《伤寒论》,经方思路,规则级,是,规则级,温中祛寒；补气健脾,脾胃虚寒证，自利不渴，呕吐腹痛，腹满不食及中寒霍乱，阳虚失血，如吐血，便血或崩漏，胸痞虚证，胸痛彻背倦怠少气，四肢不温，现用于急，慢性胃炎，胃窦炎，溃疡病，胃下垂，慢性肝炎等属脾胃虚寒者,出处为《伤寒论》或《金匮要略》，按狭义经方口径归入经方思路。,A-规则级：著作归属,https://cntcm.com.cn/content/202407/03/c253460.html,是,流派只作已准入候选排序加分，不放宽安全/证据准入。
129,瓜蒂散,《伤寒论》,经方思路,规则级,是,规则级,涌吐痰涎宿食,痰涎宿食填塞上脘，胸中痞硬，烦懊不安，气上冲咽喉不得息，舌苔厚腻，寸脉微浮者,出处为《伤寒论》或《金匮要略》，按狭义经方口径归入经方思路。,A-规则级：著作归属,https://cntcm.com.cn/content/202407/03/c253460.html,是,流派只作已准入候选排序加分，不放宽安全/证据准入。
130,瓜蒌桂枝汤,《金匮要略》,经方思路,规则级,是,规则级,,,出处为《伤寒论》或《金匮要略》，按狭义经方口径归入经方思路。,A-规则级：著作归属,https://cntcm.com.cn/content/202407/03/c253460.html,是,流派只作已准入候选排序加分，不放宽安全/证据准入。
131,瓜蒌薤白半夏汤,《金匮要略》,经方思路,规则级,是,规则级,行气解郁；通阳散结；祛痰宽胸,痰盛瘀阻胸痹证。症见胸中满痛彻背，背痛彻胸，不能安卧者，短气，或痰多粘而白，舌质紫暗或有暗点，苔白或腻，脉,出处为《伤寒论》或《金匮要略》，按狭义经方口径归入经方思路。,A-规则级：著作归属,https://cntcm.com.cn/content/202407/03/c253460.html,是,流派只作已准入候选排序加分，不放宽安全/证据准入。
132,瓜蒌薤白白酒汤,《金匮要略》,经方思路,规则级,是,规则级,通阳散结；行气祛痰,胸阳不振，痰气互结之胸痹轻证,出处为《伤寒论》或《金匮要略》，按狭义经方口径归入经方思路。,A-规则级：著作归属,https://cntcm.com.cn/content/202407/03/c253460.html,是,流派只作已准入候选排序加分，不放宽安全/证据准入。
133,甘姜苓术汤,《金匮要略》,经方思路,规则级,是,规则级,,,出处为《伤寒论》或《金匮要略》，按狭义经方口径归入经方思路。,A-规则级：著作归属,https://cntcm.com.cn/content/202407/03/c253460.html,是,流派只作已准入候选排序加分，不放宽安全/证据准入。
134,甘草泻心汤,《伤寒论》,经方思路,规则级,是,规则级,和胃补中；降逆消痞,伤寒中风，医反下之，以致胃气虚弱，其人下利日数十行，完谷不化，腹中雷鸣，心下痞硬而满，干呕，心烦不得安,出处为《伤寒论》或《金匮要略》，按狭义经方口径归入经方思路。,A-规则级：著作归属,https://cntcm.com.cn/content/202407/03/c253460.html,是,流派只作已准入候选排序加分，不放宽安全/证据准入。
135,甘露消毒丹,《温热经纬》,温病思路,规则级,是,规则级,利湿化浊；清热解毒,湿温时疫，邪在气分，湿热并重证,出处为温病学派核心著作，归入温病思路。,A-规则级：著作归属,https://higher.smartedu.cn/course/671ad50b16d8a05eedca4325,是,流派只作已准入候选排序加分，不放宽安全/证据准入。
136,甘麦大枣汤,《金匮要略》,经方思路,规则级,是,规则级,养心安神；和中缓急,妇人脏阴不足，致患脏燥，精神恍惚，悲伤欲哭，不能自主，呵欠频作，甚则言行失常,出处为《伤寒论》或《金匮要略》，按狭义经方口径归入经方思路。,A-规则级：著作归属,https://cntcm.com.cn/content/202407/03/c253460.html,是,流派只作已准入候选排序加分，不放宽安全/证据准入。
137,痛泻要方,《丹溪心法》,滋阴/丹溪思路,逐首勾选,否,逐首建议,补脾柔肝；祛湿止泻,肝旺脾虚，肠鸣腹痛，大便泄泻，泻必腹痛，舌苔薄白，脉两关不调，弦而缓,虽载于《丹溪心法》或附余，但核心为消食、健脾、温肾、祛湿、逐痰或解毒，不宜按‘滋阴/丹溪’加权：补脾柔肝、祛湿止泻、肝旺脾虚，肠鸣腹痛，大便泄泻，泻必腹痛，舌苔薄白，脉两关不调，弦而缓,B-学术史资料+逐方功效主治,https://www.cntcm.com.cn/content/202306/21/c225799.html；https://amr.sz.gov.cn/attachment/1/1620/1620360/9772233.pdf,是,流派只作已准入候选排序加分，不放宽安全/证据准入。
138,白头翁汤,《伤寒论》,经方思路,规则级,是,规则级,清热解毒；凉血止痢,痢疾，热毒深陷血分，腹痛，便脓血，赤多白少，里急后重，肛门灼热，口渴欲饮，舌红苔黄，脉弦数,出处为《伤寒论》或《金匮要略》，按狭义经方口径归入经方思路。,A-规则级：著作归属,https://cntcm.com.cn/content/202407/03/c253460.html,是,流派只作已准入候选排序加分，不放宽安全/证据准入。
139,白虎加人参汤,《伤寒论》,经方思路,规则级,是,规则级,清热泻火；益气生津,伤寒或温病，里热盛而气阴不足，发热，烦渴，口舌干燥，汗多，脉大无力，暑病津气两伤，汗出恶寒，身热而渴,出处为《伤寒论》或《金匮要略》，按狭义经方口径归入经方思路。,A-规则级：著作归属,https://cntcm.com.cn/content/202407/03/c253460.html,是,流派只作已准入候选排序加分，不放宽安全/证据准入。
140,白虎加桂枝汤,《金匮要略》,经方思路,规则级,是,规则级,清热通络；调和营卫,温疟，其脉如平，身无寒但热，骨节疼烦，时呕，风湿热痹，壮热汗出，气粗烦躁，关节肿痛，口渴苔白，脉弦数,出处为《伤寒论》或《金匮要略》，按狭义经方口径归入经方思路。,A-规则级：著作归属,https://cntcm.com.cn/content/202407/03/c253460.html,是,流派只作已准入候选排序加分，不放宽安全/证据准入。
141,白虎汤,《伤寒论》,经方思路,规则级,是,规则级,清热生津,伤寒阳明热盛，或温病热在气分证，壮热面赤，烦渴引饮，口舌干燥，大汗出，脉洪大有力,出处为《伤寒论》或《金匮要略》，按狭义经方口径归入经方思路。,A-规则级：著作归属,https://cntcm.com.cn/content/202407/03/c253460.html,是,流派只作已准入候选排序加分，不放宽安全/证据准入。
142,益胃汤,《温病条辨》,温病思路,规则级,是,规则级,养阴益胃,阳明温病，下后汗出，胃阴受伤者,出处为温病学派核心著作，归入温病思路。,A-规则级：著作归属,https://higher.smartedu.cn/course/671ad50b16d8a05eedca4325,是,流派只作已准入候选排序加分，不放宽安全/证据准入。
143,真武汤,《伤寒论》,经方思路,规则级,是,规则级,温阳利水,脾肾阳衰，水气内停，小便不利，四肢沉重疼痛，腹痛下利，或肢体浮肿，苔白不渴，太阳病发汗，汗出不解，其人仍发热，心下悸，头眩，身8动，振振欲擗地者,出处为《伤寒论》或《金匮要略》，按狭义经方口径归入经方思路。,A-规则级：著作归属,https://cntcm.com.cn/content/202407/03/c253460.html,是,流派只作已准入候选排序加分，不放宽安全/证据准入。
144,礞石滚痰丸,《丹溪心法附余》,滋阴/丹溪思路,逐首勾选,否,逐首建议,泻火逐痰,实热老痰证,虽载于《丹溪心法》或附余，但核心为消食、健脾、温肾、祛湿、逐痰或解毒，不宜按‘滋阴/丹溪’加权：泻火逐痰、实热老痰证,B-学术史资料+逐方功效主治,https://www.cntcm.com.cn/content/202306/21/c225799.html；https://amr.sz.gov.cn/attachment/1/1620/1620360/9772233.pdf,是,流派只作已准入候选排序加分，不放宽安全/证据准入。
145,竹叶石膏汤,《伤寒论》,经方思路,规则级,是,规则级,清热生津；益气和胃,热病之后，余热未清，气阴两伤，虚羸少气，呕逆烦渴，或虚烦不得眠，舌红少苔，脉虚而数，以及暑热所伤，发热多汗，烦渴喜饮，舌红干，脉虚数,出处为《伤寒论》或《金匮要略》，按狭义经方口径归入经方思路。,A-规则级：著作归属,https://cntcm.com.cn/content/202407/03/c253460.html,是,流派只作已准入候选排序加分，不放宽安全/证据准入。
146,紫金锭,《丹溪心法附余》,滋阴/丹溪思路,逐首勾选,否,逐首建议,化痰开窍；辟秽解毒；消肿止痛,中暑时疫；外敷疔疮肿毒，虫咬损伤，无名肿毒，以及痄腮、丹毒、喉风等,虽载于《丹溪心法》或附余，但核心为消食、健脾、温肾、祛湿、逐痰或解毒，不宜按‘滋阴/丹溪’加权：化痰开窍、辟秽解毒、消肿止痛、中暑时疫；外敷疔疮肿毒，虫咬损伤，无名肿毒，以及痄腮、丹毒、喉风等,B-学术史资料+逐方功效主治,https://www.cntcm.com.cn/content/202306/21/c225799.html；https://amr.sz.gov.cn/attachment/1/1620/1620360/9772233.pdf,是,流派只作已准入候选排序加分，不放宽安全/证据准入。
147,羚角钩藤汤,《通俗伤寒论》,经方思路,规则级,是,规则级,凉肝熄风；增液舒筋,肝风上扰，头晕胀痛，耳鸣心悸，手足躁扰，甚则瘈疭，狂乱痉厥，及肝经热盛，热极动风，孕妇子痫，产后惊风,出处为《伤寒论》或《金匮要略》，按狭义经方口径归入经方思路。,A-规则级：著作归属,https://cntcm.com.cn/content/202407/03/c253460.html,是,流派只作已准入候选排序加分，不放宽安全/证据准入。
148,翘荷汤,《温病条辨》,温病思路,规则级,是,规则级,疏风清热；解毒消肿,燥气化火，清窍不利，耳鸣目赤，龈胀咽痛者,出处为温病学派核心著作，归入温病思路。,A-规则级：著作归属,https://higher.smartedu.cn/course/671ad50b16d8a05eedca4325,是,流派只作已准入候选排序加分，不放宽安全/证据准入。
149,耳聋左慈丸,《重订广温热论》,温病思路,规则级,是,规则级,滋肾平肝,肝肾阴虚，耳鸣耳聋，头晕目眩,出处为温病学派核心著作，归入温病思路。,A-规则级：著作归属,https://higher.smartedu.cn/course/671ad50b16d8a05eedca4325,是,流派只作已准入候选排序加分，不放宽安全/证据准入。
150,胃苓汤,《丹溪心法》,滋阴/丹溪思路,逐首勾选,否,逐首建议,祛湿和胃；行气利水,夏秋之间，脾胃伤冷，水谷不分，泄泻如水，以及水肿、腹胀、小便不利者,虽载于《丹溪心法》或附余，但核心为消食、健脾、温肾、祛湿、逐痰或解毒，不宜按‘滋阴/丹溪’加权：祛湿和胃、行气利水、夏秋之间，脾胃伤冷，水谷不分，泄泻如水，以及水肿、腹胀、小便不利者,B-学术史资料+逐方功效主治,https://www.cntcm.com.cn/content/202306/21/c225799.html；https://amr.sz.gov.cn/attachment/1/1620/1620360/9772233.pdf,是,流派只作已准入候选排序加分，不放宽安全/证据准入。
151,胎元饮,《景岳全书》,温补/扶阳思路,逐首勾选,是,逐首建议,补肾固胎,妇人冲任不足，胎元不安不固,功效/主治以补虚、温肾、回阳、益气养血或固摄为核心：补肾固胎、妇人冲任不足，胎元不安不固,B-学派课程+逐方功效主治,https://higher.smartedu.cn/course/671ad50b16d8a05eedca4325；https://amr.sz.gov.cn/attachment/1/1620/1620360/9772233.pdf,是,流派只作已准入候选排序加分，不放宽安全/证据准入。
152,胶艾汤,《金匮要略》,经方思路,规则级,是,规则级,养血止血安胎,妇人冲任虚损，崩漏下血，月经过多，淋漓不止，产后或流产损伤冲任，下血不绝，或妊娠胞阻，胎漏下血，腹中疼痛,出处为《伤寒论》或《金匮要略》，按狭义经方口径归入经方思路。,A-规则级：著作归属,https://cntcm.com.cn/content/202407/03/c253460.html,是,流派只作已准入候选排序加分，不放宽安全/证据准入。
153,脱花煎,《景岳全书》,温补/扶阳思路,逐首勾选,否,逐首建议,祛瘀下胎,胎漏、胎动不安、堕胎等辨证属瘀血阻滞者,该方虽出《景岳全书》，但核心治法为疏肝、清热、化痰、解表、活血或攻瘀，并非温补优先：祛瘀下胎、胎漏、胎动不安、堕胎等辨证属瘀血阻滞者,B-学派课程+逐方功效主治,https://higher.smartedu.cn/course/671ad50b16d8a05eedca4325；https://amr.sz.gov.cn/attachment/1/1620/1620360/9772233.pdf,是,流派只作已准入候选排序加分，不放宽安全/证据准入。
154,芍药甘草汤,《伤寒论》,经方思路,规则级,是,规则级,调和肝脾；缓急止痛,伤寒伤阴，筋脉失濡，腿脚挛急，心烦，微恶寒，肝脾不和，脘腹疼痛,出处为《伤寒论》或《金匮要略》，按狭义经方口径归入经方思路。,A-规则级：著作归属,https://cntcm.com.cn/content/202407/03/c253460.html,是,流派只作已准入候选排序加分，不放宽安全/证据准入。
155,苏叶黄连汤,《温热经纬》,温病思路,规则级,是,规则级,清肝和胃；降逆止呕,症见恶心呕吐酸水、苦水，胸胁胀痛，口苦，嗳气，头胀头晕等,出处为温病学派核心著作，归入温病思路。,A-规则级：著作归属,https://higher.smartedu.cn/course/671ad50b16d8a05eedca4325,是,流派只作已准入候选排序加分，不放宽安全/证据准入。
156,苓桂术甘汤,《金匮要略》,经方思路,规则级,是,规则级,温阳化饮；健脾利湿,中阳不足，痰饮内停，胸胁支满，目眩心悸，咳而气短，舌苔白滑，脉弦滑,出处为《伤寒论》或《金匮要略》，按狭义经方口径归入经方思路。,A-规则级：著作归属,https://cntcm.com.cn/content/202407/03/c253460.html,是,流派只作已准入候选排序加分，不放宽安全/证据准入。
157,苓甘五味姜辛汤,《金匮要略》,经方思路,规则级,是,规则级,温肺化饮,咳逆，寒饮内停，咳嗽痰稀，喜唾，胸满喘逆，舌苔白滑，脉沉迟,出处为《伤寒论》或《金匮要略》，按狭义经方口径归入经方思路。,A-规则级：著作归属,https://cntcm.com.cn/content/202407/03/c253460.html,是,流派只作已准入候选排序加分，不放宽安全/证据准入。
158,茜根散,《景岳全书》,温补/扶阳思路,逐首勾选,否,逐首建议,滋阴降火；宁络止血,阴虚火旺证，症见鼻衄不止，心神烦闷,该方虽出《景岳全书》，但核心治法为疏肝、清热、化痰、解表、活血或攻瘀，并非温补优先：滋阴降火、宁络止血、阴虚火旺证，症见鼻衄不止，心神烦闷,B-学派课程+逐方功效主治,https://higher.smartedu.cn/course/671ad50b16d8a05eedca4325；https://amr.sz.gov.cn/attachment/1/1620/1620360/9772233.pdf,是,流派只作已准入候选排序加分，不放宽安全/证据准入。
159,茵陈五苓散,《金匮要略》,经方思路,规则级,是,规则级,利湿退黄,湿热黄疸，湿重于热，小便不利者,出处为《伤寒论》或《金匮要略》，按狭义经方口径归入经方思路。,A-规则级：著作归属,https://cntcm.com.cn/content/202407/03/c253460.html,是,流派只作已准入候选排序加分，不放宽安全/证据准入。
160,茵陈蒿汤,《伤寒论》,经方思路,规则级,是,规则级,清热；利湿；退黄,湿热黄疸，一身面目俱黄，色鲜明如橘子，腹微满口中渴，小便不利，舌苔黄腻，脉沉实或滑数,出处为《伤寒论》或《金匮要略》，按狭义经方口径归入经方思路。,A-规则级：著作归属,https://cntcm.com.cn/content/202407/03/c253460.html,是,流派只作已准入候选排序加分，不放宽安全/证据准入。
161,萆薢分清散,《丹溪心法》,滋阴/丹溪思路,逐首勾选,否,逐首建议,温肾缩尿；分清化浊,下焦虚寒之膏淋、白浊,虽载于《丹溪心法》或附余，但核心为消食、健脾、温肾、祛湿、逐痰或解毒，不宜按‘滋阴/丹溪’加权：温肾缩尿、分清化浊、下焦虚寒之膏淋、白浊,B-学术史资料+逐方功效主治,https://www.cntcm.com.cn/content/202306/21/c225799.html；https://amr.sz.gov.cn/attachment/1/1620/1620360/9772233.pdf,是,流派只作已准入候选排序加分，不放宽安全/证据准入。
162,葛根汤,《伤寒论》,经方思路,规则级,是,规则级,解肌散寒止痛,外感风寒表实，恶寒发热，头痛，项背强几几，身痛无汗，腹微痛，或下利，或干呕，或微喘，舌淡苔白，脉浮紧者,出处为《伤寒论》或《金匮要略》，按狭义经方口径归入经方思路。,A-规则级：著作归属,https://cntcm.com.cn/content/202407/03/c253460.html,是,流派只作已准入候选排序加分，不放宽安全/证据准入。
163,葛根芩连汤合升阳除湿汤,《伤寒论》、《兰室秘藏》,经方思路,规则级,是,规则级,清热除湿；升阳固脱,湿热下注，清阳不升之泄泻、脱肛证,出处为《伤寒论》或《金匮要略》，按狭义经方口径归入经方思路。,A-规则级：著作归属,https://cntcm.com.cn/content/202407/03/c253460.html,是,流派只作已准入候选排序加分，不放宽安全/证据准入。
164,葛根黄芩黄连汤,《伤寒论》,经方思路,规则级,是,规则级,表里两解；清热止利,外感表证未解，热邪入里，身热，下利臭秽，肛门有灼热感，心下痞，胸脘烦热，喘而汗出，口干而渴，苔黄，脉数,出处为《伤寒论》或《金匮要略》，按狭义经方口径归入经方思路。,A-规则级：著作归属,https://cntcm.com.cn/content/202407/03/c253460.html,是,流派只作已准入候选排序加分，不放宽安全/证据准入。
165,葶苈大枣泻肺汤,《金匮要略》,经方思路,规则级,是,规则级,泻肺行水；下气平喘,肺痈，胸中胀满，痰涎壅塞，喘咳不得卧，甚则一身面目浮肿，鼻塞流涕，不闻香臭酸辛，亦治支饮不得息者,出处为《伤寒论》或《金匮要略》，按狭义经方口径归入经方思路。,A-规则级：著作归属,https://cntcm.com.cn/content/202407/03/c253460.html,是,流派只作已准入候选排序加分，不放宽安全/证据准入。
166,蒿芩清胆汤,《通俗伤寒论》,经方思路,规则级,是,规则级,清胆利湿；和胃化痰,少阳湿热痰浊证，症见寒热如疟，寒轻热重，口苦膈闷，吐酸苦水或呕黄涎而粘，胸胁胀痛，舌红苔白腻，脉濡数，现用于感受暑湿，疟疾，急性黄疸性肝炎等证属湿热偏重者,出处为《伤寒论》或《金匮要略》，按狭义经方口径归入经方思路。,A-规则级：著作归属,https://cntcm.com.cn/content/202407/03/c253460.html,是,流派只作已准入候选排序加分，不放宽安全/证据准入。
167,薏苡附子败酱散,《金匮要略》,经方思路,规则级,是,规则级,排脓消肿,肠痈内已成脓，身无热，肌肤甲错，腹皮急，如肿状，按之软，脉数,出处为《伤寒论》或《金匮要略》，按狭义经方口径归入经方思路。,A-规则级：著作归属,https://cntcm.com.cn/content/202407/03/c253460.html,是,流派只作已准入候选排序加分，不放宽安全/证据准入。
168,虎潜丸,《丹溪心法》,滋阴/丹溪思路,逐首勾选,是,逐首建议,滋阴降火；强筋壮骨,精血不足，虚火亢盛，筋骨痿弱，腿足消瘦，步履乏力，精元不固，尺脉虚浮洪数，久不生育,体现丹溪滋阴降火、湿热/痰火、郁证等学术取向：滋阴降火、强筋壮骨、精血不足，虚火亢盛，筋骨痿弱，腿足消瘦，步履乏力，精元不固，尺脉虚浮洪数，久不生育,B-学术史资料+逐方功效主治,https://www.cntcm.com.cn/content/202306/21/c225799.html；https://amr.sz.gov.cn/attachment/1/1620/1620360/9772233.pdf,是,流派只作已准入候选排序加分，不放宽安全/证据准入。
169,血府逐瘀汤,《伤寒论》,经方思路,规则级,是,规则级,活血化瘀；行气止痛,上焦瘀血，头痛胸痛，胸闷呃逆，失眠不寐，心悸怔忡，瘀血发热，舌质暗红，边有瘀斑或瘀点，唇暗或两目暗黑脉涩或弦紧，妇人血瘀经闭不行，痛经，肌肤甲错，目晡潮热以及脱疽，白，眼科云雾移睛，青盲等目疾,出处为《伤寒论》或《金匮要略》，按狭义经方口径归入经方思路。,A-规则级：著作归属,https://cntcm.com.cn/content/202407/03/c253460.html,是,流派只作已准入候选排序加分，不放宽安全/证据准入。
170,解肝煎,《景岳全书》,温补/扶阳思路,逐首勾选,否,逐首建议,疏肝理气；化湿畅中,暴怒伤肝，气逆胀满者,该方虽出《景岳全书》，但核心治法为疏肝、清热、化痰、解表、活血或攻瘀，并非温补优先：疏肝理气、化湿畅中、暴怒伤肝，气逆胀满者,B-学派课程+逐方功效主治,https://higher.smartedu.cn/course/671ad50b16d8a05eedca4325；https://amr.sz.gov.cn/attachment/1/1620/1620360/9772233.pdf,是,流派只作已准入候选排序加分，不放宽安全/证据准入。
171,调胃承气汤,《伤寒论》,经方思路,规则级,是,规则级,缓下热结,阳明病胃肠燥热，蒸蒸发热，口渴便秘，腹满拒按舌苔正黄，脉滑数，亦用于肠胃热盛而见发斑吐衄，口齿咽喉肿痛，中消，疮疡等,出处为《伤寒论》或《金匮要略》，按狭义经方口径归入经方思路。,A-规则级：著作归属,https://cntcm.com.cn/content/202407/03/c253460.html,是,流派只作已准入候选排序加分，不放宽安全/证据准入。
172,越婢加半夏汤,《金匮要略》,经方思路,规则级,是,规则级,宣肺泄热；降逆化痰,肺胀，咳嗽上气，胸满气喘，目如脱状，脉浮大者,出处为《伤寒论》或《金匮要略》，按狭义经方口径归入经方思路。,A-规则级：著作归属,https://cntcm.com.cn/content/202407/03/c253460.html,是,流派只作已准入候选排序加分，不放宽安全/证据准入。
173,越婢加术汤,《金匮要略》,经方思路,规则级,是,规则级,疏风泄热；发汗利水,皮水，一身面目悉肿，发热恶风，小便不利，苔白脉沉者,出处为《伤寒论》或《金匮要略》，按狭义经方口径归入经方思路。,A-规则级：著作归属,https://cntcm.com.cn/content/202407/03/c253460.html,是,流派只作已准入候选排序加分，不放宽安全/证据准入。
174,越婢汤,《金匮要略》,经方思路,规则级,是,规则级,发汗解表；利水,风水恶风，一身悉肿，自汗不渴，无大热，脉浮，现用于急慢性肾炎而见上述症状者,出处为《伤寒论》或《金匮要略》，按狭义经方口径归入经方思路。,A-规则级：著作归属,https://cntcm.com.cn/content/202407/03/c253460.html,是,流派只作已准入候选排序加分，不放宽安全/证据准入。
175,越鞠丸,《丹溪心法》,滋阴/丹溪思路,逐首勾选,是,逐首建议,行气解郁,气、血、痰、火、湿、食等郁，胸膈痞闷，脘腹胀痛，吞酸呕吐，饮食不化,体现丹溪滋阴降火、湿热/痰火、郁证等学术取向：行气解郁、气、血、痰、火、湿、食等郁，胸膈痞闷，脘腹胀痛，吞酸呕吐，饮食不化,B-学术史资料+逐方功效主治,https://www.cntcm.com.cn/content/202306/21/c225799.html；https://amr.sz.gov.cn/attachment/1/1620/1620360/9772233.pdf,是,流派只作已准入候选排序加分，不放宽安全/证据准入。
176,连梅安蛔丸,《通俗伤寒论》,经方思路,规则级,是,规则级,清肝安蛔；止痛定厥,蛔厥证,出处为《伤寒论》或《金匮要略》，按狭义经方口径归入经方思路。,A-规则级：著作归属,https://cntcm.com.cn/content/202407/03/c253460.html,是,流派只作已准入候选排序加分，不放宽安全/证据准入。
177,连梅汤,《温病条辨》,温病思路,规则级,是,规则级,,,出处为温病学派核心著作，归入温病思路。,A-规则级：著作归属,https://higher.smartedu.cn/course/671ad50b16d8a05eedca4325,是,流派只作已准入候选排序加分，不放宽安全/证据准入。
178,通瘀煎,《景岳全书》,温补/扶阳思路,逐首勾选,否,逐首建议,活血祛瘀；行气止痛,妇人气滞血瘀，经脉不利，痛极拒按,该方虽出《景岳全书》，但核心治法为疏肝、清热、化痰、解表、活血或攻瘀，并非温补优先：活血祛瘀、行气止痛、妇人气滞血瘀，经脉不利，痛极拒按,B-学派课程+逐方功效主治,https://higher.smartedu.cn/course/671ad50b16d8a05eedca4325；https://amr.sz.gov.cn/attachment/1/1620/1620360/9772233.pdf,是,流派只作已准入候选排序加分，不放宽安全/证据准入。
179,酸枣仁汤,《金匮要略》,经方思路,规则级,是,规则级,养血安神；清热除烦,虚劳虚烦不得眠，心悸盗汗，头目眩晕，咽干口燥脉弦或细数,出处为《伤寒论》或《金匮要略》，按狭义经方口径归入经方思路。,A-规则级：著作归属,https://cntcm.com.cn/content/202407/03/c253460.html,是,流派只作已准入候选排序加分，不放宽安全/证据准入。
180,金匮肾气丸,《金匮要略》,经方思路,规则级,是,规则级,补肾助阳,肾气不足，腰酸脚软，肢体畏寒，少腹拘急，小便不利或频数，舌质淡胖，尺脉沉细，及痰饮喘咳，水肿脚气，消渴久泄，现用于糖尿病，甲状腺功能低下，慢性肾炎，肾上腺皮质功能减退及支气管哮喘等属于肾气不足者,出处为《伤寒论》或《金匮要略》，按狭义经方口径归入经方思路。,A-规则级：著作归属,https://cntcm.com.cn/content/202407/03/c253460.html,是,流派只作已准入候选排序加分，不放宽安全/证据准入。
181,银翘散,《温病条辨》,温病思路,规则级,是,规则级,辛凉解表；清热解毒,温病初起，发热无汗，或有汗不畅，微恶寒，头痛口渴，咳嗽咽痛，舌尖红，苔薄白或薄黄，脉浮数者,出处为温病学派核心著作，归入温病思路。,A-规则级：著作归属,https://higher.smartedu.cn/course/671ad50b16d8a05eedca4325,是,流派只作已准入候选排序加分，不放宽安全/证据准入。
182,防己黄芪汤,《金匮要略》,经方思路,规则级,是,规则级,益气祛风；健脾利水,表虚不固之风水或风湿证,出处为《伤寒论》或《金匮要略》，按狭义经方口径归入经方思路。,A-规则级：著作归属,https://cntcm.com.cn/content/202407/03/c253460.html,是,流派只作已准入候选排序加分，不放宽安全/证据准入。
183,阿胶鸡子黄汤,《通俗伤寒论》,经方思路,规则级,是,规则级,养血滋阴；柔肝熄风,邪热久留，灼伤真阴，筋脉拘急，手足蠕动，或头目晕眩，舌绛苔少，脉细而数等证,出处为《伤寒论》或《金匮要略》，按狭义经方口径归入经方思路。,A-规则级：著作归属,https://cntcm.com.cn/content/202407/03/c253460.html,是,流派只作已准入候选排序加分，不放宽安全/证据准入。
184,附子汤,《伤寒论》第304、305条,经方思路,规则级,是,规则级,温经助阳；祛寒益气,寒湿内侵，身体骨节疼痛，恶寒肢冷，苔白滑，脉沉微,出处为《伤寒论》或《金匮要略》，按狭义经方口径归入经方思路。,A-规则级：著作归属,https://cntcm.com.cn/content/202407/03/c253460.html,是,流派只作已准入候选排序加分，不放宽安全/证据准入。
185,附子泻心汤,《伤寒论》,经方思路,规则级,是,规则级,温经回阳；扶阳固表；泄热消痞,阳虚于外，热结于胃，心下痞满，而复恶寒，汗出者,出处为《伤寒论》或《金匮要略》，按狭义经方口径归入经方思路。,A-规则级：著作归属,https://cntcm.com.cn/content/202407/03/c253460.html,是,流派只作已准入候选排序加分，不放宽安全/证据准入。
186,附子粳米汤,《金匮要略》,经方思路,规则级,是,规则级,温中祛寒,腹中寒气，雷鸣切痛，胸胁逆满，呕吐,出处为《伤寒论》或《金匮要略》，按狭义经方口径归入经方思路。,A-规则级：著作归属,https://cntcm.com.cn/content/202407/03/c253460.html,是,流派只作已准入候选排序加分，不放宽安全/证据准入。
187,青蒿鳖甲汤,《温病条辨》,温病思路,规则级,是,规则级,养阴清热,温病后期，热邪深伏阴分，夜热早凉，热退无汗，能食消瘦，吉红少苔，脉细数,出处为温病学派核心著作，归入温病思路。,A-规则级：著作归属,https://higher.smartedu.cn/course/671ad50b16d8a05eedca4325,是,流派只作已准入候选排序加分，不放宽安全/证据准入。
188,鳖甲煎丸,《金匮要略》,经方思路,规则级,是,规则级,消痞化积活血化瘀疏肝解郁,肝硬化、肝脾肿大、肝癌等病，血瘀肝郁型黄疸,出处为《伤寒论》或《金匮要略》，按狭义经方口径归入经方思路。,A-规则级：著作归属,https://cntcm.com.cn/content/202407/03/c253460.html,是,流派只作已准入候选排序加分，不放宽安全/证据准入。
189,麦门冬汤,《金匮要略》,经方思路,规则级,是,规则级,清养肺胃；降逆下气,肺痿，肺胃津伤，虚火上炎，咳唾涎沫，气逆而喘咽干口燥，舌干红少苔，脉虚数者,出处为《伤寒论》或《金匮要略》，按狭义经方口径归入经方思路。,A-规则级：著作归属,https://cntcm.com.cn/content/202407/03/c253460.html,是,流派只作已准入候选排序加分，不放宽安全/证据准入。
190,麻子仁丸,《伤寒论》,经方思路,规则级,是,规则级,润肠泻热；行气通便,肠胃燥热，津液不足，大便秘结，小便频数，现用于习惯性便秘见有上述症状者,出处为《伤寒论》或《金匮要略》，按狭义经方口径归入经方思路。,A-规则级：著作归属,https://cntcm.com.cn/content/202407/03/c253460.html,是,流派只作已准入候选排序加分，不放宽安全/证据准入。
191,麻黄杏仁甘草石膏汤,《伤寒论》,经方思路,规则级,是,规则级,辛凉宣肺；清热平喘,肺热喘咳，甚则气急，鼻翼扇动，有汗或无汗，身热不解，口渴，脉滑数，苔薄黄，现用于肺炎，慢性支气管炎，支气管哮喘，麻疹，百日咳，慢性鼻窦炎等属邪热闭肺者,出处为《伤寒论》或《金匮要略》，按狭义经方口径归入经方思路。,A-规则级：著作归属,https://cntcm.com.cn/content/202407/03/c253460.html,是,流派只作已准入候选排序加分，不放宽安全/证据准入。
192,麻黄杏仁薏苡甘草汤,《金匮要略》,经方思路,规则级,是,规则级,,,出处为《伤寒论》或《金匮要略》，按狭义经方口径归入经方思路。,A-规则级：著作归属,https://cntcm.com.cn/content/202407/03/c253460.html,是,流派只作已准入候选排序加分，不放宽安全/证据准入。
193,麻黄汤,《伤寒论》,经方思路,规则级,是,规则级,发汗解表；宣肺平喘,外感风寒表实证。恶寒发热，头痛身疼，无汗而喘，舌苔薄白，脉浮紧,出处为《伤寒论》或《金匮要略》，按狭义经方口径归入经方思路。,A-规则级：著作归属,https://cntcm.com.cn/content/202407/03/c253460.html,是,流派只作已准入候选排序加分，不放宽安全/证据准入。
194,麻黄细辛附子汤,《伤寒论》,经方思路,规则级,是,规则级,助阳解表,素体阳虚，外感风寒，无汗恶寒，发热倦卧，苔白脉反沉者,出处为《伤寒论》或《金匮要略》，按狭义经方口径归入经方思路。,A-规则级：著作归属,https://cntcm.com.cn/content/202407/03/c253460.html,是,流派只作已准入候选排序加分，不放宽安全/证据准入。
195,麻黄连翘赤小豆汤,《伤寒论》,经方思路,规则级,是,规则级,宣肺利水；清热渗湿,阳黄兼表证，发热恶寒，无汗身痒，周身黄染如橘色，脉浮滑,出处为《伤寒论》或《金匮要略》，按狭义经方口径归入经方思路。,A-规则级：著作归属,https://cntcm.com.cn/content/202407/03/c253460.html,是,流派只作已准入候选排序加分，不放宽安全/证据准入。
196,麻黄附子甘草汤,《伤寒论》,经方思路,规则级,是,规则级,助阳解表,少阴病，恶寒身疼，无汗，微发热，脉沉微者,出处为《伤寒论》或《金匮要略》，按狭义经方口径归入经方思路。,A-规则级：著作归属,https://cntcm.com.cn/content/202407/03/c253460.html,是,流派只作已准入候选排序加分，不放宽安全/证据准入。
197,黄土汤,《金匮要略》,经方思路,规则级,是,规则级,温阳健脾；养血止血,脾阳不足，脾不统血证,出处为《伤寒论》或《金匮要略》，按狭义经方口径归入经方思路。,A-规则级：著作归属,https://cntcm.com.cn/content/202407/03/c253460.html,是,流派只作已准入候选排序加分，不放宽安全/证据准入。
198,黄芩人参汤,《伤寒论》,经方思路,规则级,是,规则级,,,出处为《伤寒论》或《金匮要略》，按狭义经方口径归入经方思路。,A-规则级：著作归属,https://cntcm.com.cn/content/202407/03/c253460.html,是,流派只作已准入候选排序加分，不放宽安全/证据准入。
199,黄芩汤,《伤寒论》,经方思路,规则级,是,规则级,清热止痢；和中止痛,伤寒，太阳与少阳合病，身热口苦，腹痛下利,出处为《伤寒论》或《金匮要略》，按狭义经方口径归入经方思路。,A-规则级：著作归属,https://cntcm.com.cn/content/202407/03/c253460.html,是,流派只作已准入候选排序加分，不放宽安全/证据准入。
200,黄芩滑石汤,《温病条辨》,温病思路,规则级,是,规则级,清热利湿,湿温病或暑温病热重于湿者,出处为温病学派核心著作，归入温病思路。,A-规则级：著作归属,https://higher.smartedu.cn/course/671ad50b16d8a05eedca4325,是,流派只作已准入候选排序加分，不放宽安全/证据准入。
201,黄芪建中汤,《金匮要略》,经方思路,规则级,是,规则级,温中补气；和里缓急,虚劳里急，诸不足，小腹急痛，脐下虚满，面色萎黄，唇口干燥，胸中烦悸，少力身重，骨肉酸痛，行动喘乏，食欲不振，病后虚弱，自汗盗汗,出处为《伤寒论》或《金匮要略》，按狭义经方口径归入经方思路。,A-规则级：著作归属,https://cntcm.com.cn/content/202407/03/c253460.html,是,流派只作已准入候选排序加分，不放宽安全/证据准入。
202,黄芪桂枝五物汤,《金匮要略》,经方思路,规则级,是,规则级,益气温经；和血通痹,血痹。阴阳俱微，外证肌肤麻木不仁，如风痹状。寸口关上微，尺中小紧，脉微涩而紧,出处为《伤寒论》或《金匮要略》，按狭义经方口径归入经方思路。,A-规则级：著作归属,https://cntcm.com.cn/content/202407/03/c253460.html,是,流派只作已准入候选排序加分，不放宽安全/证据准入。
203,黄连阿胶汤,《伤寒论》,经方思路,规则级,是,规则级,滋阴降火,少阴病，得之二三日以上，心中烦，不得卧,出处为《伤寒论》或《金匮要略》，按狭义经方口径归入经方思路。,A-规则级：著作归属,https://cntcm.com.cn/content/202407/03/c253460.html,是,流派只作已准入候选排序加分，不放宽安全/证据准入。
204,黎峒丸,《景岳全书》,温补/扶阳思路,逐首勾选,否,逐首建议,续筋接骨；疏风活络,金疮跌仆伤，痈疽疮痛，疯犬咬伤，蜂蛇蝎毒,该方虽出《景岳全书》，但核心治法为疏肝、清热、化痰、解表、活血或攻瘀，并非温补优先：续筋接骨、疏风活络、金疮跌仆伤，痈疽疮痛，疯犬咬伤，蜂蛇蝎毒,B-学派课程+逐方功效主治,https://higher.smartedu.cn/course/671ad50b16d8a05eedca4325；https://amr.sz.gov.cn/attachment/1/1620/1620360/9772233.pdf,是,流派只作已准入候选排序加分，不放宽安全/证据准入。
