方名,网址,状态码,正文命中,页面摘要
柴胡清肝汤,https://www.yixue.com/%E6%9F%B4%E8%83%A1%E6%B8%85%E8%82%9D%E6%B1%A4,200,是,柴胡清肝汤_柴胡清肝汤的作用_柴胡清肝汤说明书_柴胡清肝汤的功效_中药柴胡清肝汤配方_医学百科 - 医学百科；柴胡清肝汤_柴胡清肝汤的作用_柴胡清肝汤说明书_柴胡清肝汤的功效_中药柴胡清肝汤配方_医学百科 - 医学百科 匿名 未登录 登录 医学百科 搜索 柴胡清肝汤 来自医学百科 名字空间 页面 更多 更多 语言 页面选项 Read 查看源代码 历史 目录 1 《外科正宗》卷二:柴胡清肝汤 2 《马培之医案》:柴胡清肝汤 3 《外科真铨》卷上:柴胡清肝汤 4 中药方
当归建中汤,https://www.yixue.com/%E5%BD%93%E5%BD%92%E5%BB%BA%E4%B8%AD%E6%B1%A4,200,是,当归建中汤 - 医学百科；当归建中汤 - 医学百科 匿名 未登录 登录 医学百科 搜索 当归建中汤 来自医学百科 名字空间 页面 更多 更多 语言 页面选项 Read 查看源代码 历史 【分类】温里剂-温中祛寒 【组成】 当归 （12克） 桂心 （9克） 芍药 （18克） 生姜 （9克） 大枣 （6枚） 炙甘草 （6克） 【功效】温 补气 血，缓急止痛。 【主治】产后虚羸（lei）不
升麻葛根汤,https://www.yixue.com/%E5%8D%87%E9%BA%BB%E8%91%9B%E6%A0%B9%E6%B1%A4,200,是,升麻葛根汤 - 医学百科；升麻葛根汤 - 医学百科 匿名 未登录 登录 医学百科 搜索 升麻葛根汤 来自医学百科 名字空间 页面 更多 更多 语言 页面选项 Read 查看源代码 历史 升麻葛根汤 目录 1 出处 2 分类 3 组成 4 方论 5 功用 6 主治 7 用法 8 禁忌 9 方解 10 化裁 11 附方 12 附注 13 文献 14 〖方歌〗 出处 《 太平惠民和剂局方 
黄芪桂枝五物汤,https://www.yixue.com/%E9%BB%84%E8%8A%AA%E6%A1%82%E6%9E%9D%E4%BA%94%E7%89%A9%E6%B1%A4,200,是,黄芪桂枝五物汤 - 医学百科；黄芪桂枝五物汤 - 医学百科 匿名 未登录 登录 医学百科 搜索 黄芪桂枝五物汤 来自医学百科 名字空间 页面 更多 更多 语言 页面选项 Read 查看源代码 历史 〖别名〗 黄耆 桂枝 五物汤、黄耆汤、黄耆五物汤、桂枝五物汤、五物汤 〖方源〗 《 金匮要略 》卷上。 《金匮要略》“ 血痹 阴阳 俱微，寸口关上微，外证身体不仁，如 风痹 状， 黄芪桂枝五物
六和汤,https://www.yixue.com/%E5%85%AD%E5%92%8C%E6%B1%A4,200,是,六和汤 - 医学百科；六和汤 - 医学百科 匿名 未登录 登录 医学百科 搜索 六和汤 来自医学百科 名字空间 页面 更多 更多 语言 页面选项 Read 查看源代码 历史 【处方】 缩砂 、 半夏 （汤洗七次）、 杏仁 （去皮尖）、 人参 （去芦）、 赤茯苓 （去皮）、 藿香 （去土）、 白扁豆 （姜制）、 香薷 、 厚朴 （姜制）、 木瓜 ，各一钱； 炙甘草 ，半钱。 【功能
薏苡附子败酱散,https://www.yixue.com/%E8%96%8F%E8%8B%A1%E9%99%84%E5%AD%90%E8%B4%A5%E9%85%B1%E6%95%A3,200,是,薏苡附子败酱散 - 医学百科；薏苡附子败酱散 - 医学百科 匿名 未登录 登录 医学百科 搜索 薏苡附子败酱散 来自医学百科 名字空间 页面 更多 更多 语言 页面选项 Read 查看源代码 历史 【组成】 薏苡仁 30克， 附子 6克， 败酱草 15克。 【功用】排脓 消肿 。 【主治】 肠痈 内脓已成，身无热， 肌肤甲错 ， 腹皮 急，按之濡，如肿状。 古籍论 本方是治疗肠痈内脓已成
柴胡桂枝干姜汤,https://www.yixue.com/%E6%9F%B4%E8%83%A1%E6%A1%82%E6%9E%9D%E5%B9%B2%E5%A7%9C%E6%B1%A4,200,是,柴胡桂枝干姜汤 - 医学百科；柴胡桂枝干姜汤 - 医学百科 匿名 未登录 登录 医学百科 搜索 柴胡桂枝干姜汤 来自医学百科 名字空间 页面 更多 更多 语言 页面选项 Read 查看源代码 历史 【来源】《 伤寒论 》。 【组成】 柴胡 24克 桂枝 9克 干姜 3克 栝楼 根12克 黄芩 9克 牡蛎 6克(熬) 甘草 6克(炙) 【用法】以水1.2升，煮取600毫升，去滓，再煎取30
大黄黄连泻心汤,https://www.yixue.com/%E5%A4%A7%E9%BB%84%E9%BB%84%E8%BF%9E%E6%B3%BB%E5%BF%83%E6%B1%A4,200,是,大黄黄连泻心汤_大黄黄连泻心汤的作用_大黄黄连泻心汤说明书_大黄黄连泻心汤的功效_中药大黄黄连泻心汤配方_医学百科 - 医学百科；大黄黄连泻心汤_大黄黄连泻心汤的作用_大黄黄连泻心汤说明书_大黄黄连泻心汤的功效_中药大黄黄连泻心汤配方_医学百科 - 医学百科 匿名 未登录 登录 医学百科 搜索 大黄黄连泻心汤 来自医学百科 名字空间 页面 更多 更多 语言 页面选项 Read 查看源代码 历史 目录 1 明.方贤着《奇效良方》:大黄黄连泻心汤 2 《伤寒论》:大黄黄连泻心汤 3 《云歧
瓜蒌桂枝汤,https://www.yixue.com/%E7%93%9C%E8%92%8C%E6%A1%82%E6%9E%9D%E6%B1%A4,404,否,404；
桂枝麻黄各半汤,https://www.yixue.com/%E6%A1%82%E6%9E%9D%E9%BA%BB%E9%BB%84%E5%90%84%E5%8D%8A%E6%B1%A4,200,是,桂枝麻黄各半汤_桂枝麻黄各半汤的作用_桂枝麻黄各半汤说明书_桂枝麻黄各半汤的功效_中药桂枝麻黄各半汤配方_医学百科 - 医学百科；桂枝麻黄各半汤_桂枝麻黄各半汤的作用_桂枝麻黄各半汤说明书_桂枝麻黄各半汤的功效_中药桂枝麻黄各半汤配方_医学百科 - 医学百科 匿名 未登录 登录 医学百科 搜索 桂枝麻黄各半汤 来自医学百科 名字空间 页面 更多 更多 语言 页面选项 Read 查看源代码 历史 【处方】 桂枝 5克（去皮） 芍药 生姜 （切） 甘草 （炙） 麻黄 （去节）各3克 大枣 
三化汤,https://www.yixue.com/%E4%B8%89%E5%8C%96%E6%B1%A4,200,是,三化汤_三化汤的作用_三化汤说明书_三化汤的功效_中药三化汤配方_医学百科 - 医学百科；三化汤_三化汤的作用_三化汤说明书_三化汤的功效_中药三化汤配方_医学百科 - 医学百科 匿名 未登录 登录 医学百科 搜索 三化汤 来自医学百科 名字空间 页面 更多 更多 语言 页面选项 Read 查看源代码 历史 目录 1 明.方贤着《奇效良方》:三化汤 2 《杂问病机气宜保命集》卷中:三化汤 3 中药方专题 3.1 按功效分类的常用方剂 3.2 中药
升陷汤,https://www.yixue.com/%E5%8D%87%E9%99%B7%E6%B1%A4,200,是,升陷汤 - 医学百科；升陷汤 - 医学百科 匿名 未登录 登录 医学百科 搜索 升陷汤 来自医学百科 名字空间 页面 更多 更多 语言 页面选项 Read 查看源代码 历史 【方名】 升陷汤 【出处】 《 医学衷中参西录 》上册。 【分类】 补益剂- 补气 【组成】 生黄芪 （18克） 知母 （9克） 柴胡 （4.5克） 桔梗 （4.5克） 升麻 （3克） 【功用】 益气 升陷。
香苏散,https://www.yixue.com/%E9%A6%99%E8%8B%8F%E6%95%A3,200,是,香苏散 - 医学百科；香苏散 - 医学百科 匿名 未登录 登录 医学百科 搜索 香苏散 来自医学百科 名字空间 页面 更多 更多 语言 页面选项 Read 查看源代码 历史 【药物组成】 香附 、 苏叶 、 陈皮 、 甘草 、 柴胡 、 桂枝 、 防风 、 羌活 。 【处方来源】《幼科金针》卷上。 【 方剂 主治】 小儿呕吐 。 【用法用量】上加 生姜 3片，水煎，热服。 香苏散
枳实芍药散,https://www.yixue.com/%E6%9E%B3%E5%AE%9E%E8%8A%8D%E8%8D%AF%E6%95%A3,200,是,枳实芍药散_枳实芍药散的作用_枳实芍药散说明书_枳实芍药散的功效_中药枳实芍药散配方_医学百科 - 医学百科；枳实芍药散_枳实芍药散的作用_枳实芍药散说明书_枳实芍药散的功效_中药枳实芍药散配方_医学百科 - 医学百科 匿名 未登录 登录 医学百科 搜索 枳实芍药散 来自医学百科 名字空间 页面 更多 更多 语言 页面选项 Read 查看源代码 历史 【处方】 枳实 （烧令黑，勿大过） 芍药 各 等分 【制法】 上二味，杵为散。 【功效与作用】 治 产后腹痛 ， 烦
达原饮,https://www.yixue.com/%E8%BE%BE%E5%8E%9F%E9%A5%AE,200,是,达原饮 - 医学百科；达原饮 - 医学百科 匿名 未登录 登录 医学百科 搜索 达原饮 来自医学百科 名字空间 页面 更多 更多 语言 页面选项 Read 查看源代码 历史 【方名】 达原饮 【出处】《 温疫论 》 【分类】 和解剂 - 和解少阳 【组成】 槟榔 （6克） 厚朴 （3克） 草果仁 （15克） 知母 （3克） 芍药 （3克） 黄芩 （3克） 甘草 （1.5克） 【功
大黄附子汤,https://www.yixue.com/%E5%A4%A7%E9%BB%84%E9%99%84%E5%AD%90%E6%B1%A4,200,是,大黄附子汤 - 医学百科；大黄附子汤 - 医学百科 匿名 未登录 登录 医学百科 搜索 大黄附子汤 来自医学百科 名字空间 页面 更多 更多 语言 页面选项 Read 查看源代码 历史 【方名】 大黄附子汤 【出处】 《 金匮要略 》 【分类】 泻下剂 - 温下 【组成】 大黄（9克） 附子 （12克） 细辛 （3克） 【方论】方中附子、细辛 温经散寒 ，大黄 泻下 通便 。三味合用
当归六黄汤,https://www.yixue.com/%E5%BD%93%E5%BD%92%E5%85%AD%E9%BB%84%E6%B1%A4,200,是,当归六黄汤 - 医学百科；当归六黄汤 - 医学百科 匿名 未登录 登录 医学百科 搜索 当归六黄汤 来自医学百科 名字空间 页面 更多 更多 语言 页面选项 Read 查看源代码 历史 《 兰室秘藏 》 目录 1 分类 2 组成 3 功用 4 主治 5 用法 6 禁忌 7 方解 8 化裁 9 临床应用 10 附注 11 文献 12 方论 分类 清热剂 - 清虚热 组成 当归 （6克）
定经汤,https://www.yixue.com/%E5%AE%9A%E7%BB%8F%E6%B1%A4,200,是,定经汤_定经汤的作用_定经汤说明书_定经汤的功效_中药定经汤配方_医学百科 - 医学百科；定经汤_定经汤的作用_定经汤说明书_定经汤的功效_中药定经汤配方_医学百科 - 医学百科 匿名 未登录 登录 医学百科 搜索 定经汤 来自医学百科 名字空间 页面 更多 更多 语言 页面选项 Read 查看源代码 历史 目录 1 《傅青主女科》卷上:定经汤 2 《傅青主妇科》卷上:定经汤 3 中药方专题 3.1 按功效分类的常用方剂 3.2 中药方大全 按拼
黄芩汤,https://www.yixue.com/%E9%BB%84%E8%8A%A9%E6%B1%A4,200,是,黄芩汤 - 医学百科；黄芩汤 - 医学百科 匿名 未登录 登录 医学百科 搜索 黄芩汤 来自医学百科 名字空间 页面 更多 更多 语言 页面选项 Read 查看源代码 历史 来源： 张仲景 。 类别： 清热 类 主治：太阳、少阳二经 合病 下利。 配方： 黄芩 27克， 白芍 、 甘草 各16克，加大枣12枚。水煎。 方解：黄芩可以清热，此方是由于太阳、少阳二 经脉 病邪 导致，
橘皮竹茹汤,https://www.yixue.com/%E6%A9%98%E7%9A%AE%E7%AB%B9%E8%8C%B9%E6%B1%A4,200,是,橘皮竹茹汤 - 医学百科；橘皮竹茹汤 - 医学百科 匿名 未登录 登录 医学百科 搜索 橘皮竹茹汤 来自医学百科 名字空间 页面 更多 更多 语言 页面选项 Read 查看源代码 历史 总 结：呕逆 呃逆 组 成： 半夏 、 橘皮 、 枇杷叶 、 麦冬 、 竹茹 、 赤茯苓 、 人参 、 甘草 主 治：1.治久病虚羸，呕逆不已。 2.亦治吐利后 胃虚 呃逆。 加 减：(1) 胃寒 者
两地汤,https://www.yixue.com/%E4%B8%A4%E5%9C%B0%E6%B1%A4,200,是,两地汤_两地汤的作用_两地汤说明书_两地汤的功效_中药两地汤配方_医学百科 - 医学百科；两地汤_两地汤的作用_两地汤说明书_两地汤的功效_中药两地汤配方_医学百科 - 医学百科 匿名 未登录 登录 医学百科 搜索 两地汤 来自医学百科 名字空间 页面 更多 更多 语言 页面选项 Read 查看源代码 历史 目录 1 《傅青主女科》卷上:两地汤 2 《辨证录》卷三:两地汤 3 中药方专题 3.1 按功效分类的常用方剂 3.2 中药方大全 按拼音查
清骨散,https://www.yixue.com/%E6%B8%85%E9%AA%A8%E6%95%A3,200,是,"清骨散 - 医学百科；清骨散 - 医学百科 匿名 未登录 登录 医学百科 搜索 清骨散 来自医学百科 名字空间 页面 更多 更多 语言 页面选项 Read 查看源代码 历史 【来源】《证治准绳.类方》卷一。 【组成】 银柴胡 5克, 胡黄连 、 秦艽 、 鳖甲 、 地骨皮 、 青蒿 、 知母 各3克, 甘草 2克。 【用法】水煎服;或研末,每日叁次,每次9克,冲服。 【功用】 清"
四妙勇安汤,https://www.yixue.com/%E5%9B%9B%E5%A6%99%E5%8B%87%E5%AE%89%E6%B1%A4,200,是,四妙勇安汤 - 医学百科；四妙勇安汤 - 医学百科 匿名 未登录 登录 医学百科 搜索 四妙勇安汤 来自医学百科 名字空间 页面 更多 更多 语言 页面选项 Read 查看源代码 历史 本方由 金银花 、 玄参 、 当归 、 甘草 四味药物组成。用于脱疽(即 血栓闭塞性脉管炎 )，证见患处黯红，微热微肿，痛甚，烦热 口渴 ，或则溃烂，脓水淋漓， 舌红 脉数 等。功效 清热解毒 ， 活
托里消毒散,https://www.yixue.com/%E6%89%98%E9%87%8C%E6%B6%88%E6%AF%92%E6%95%A3,200,是,托里消毒散_托里消毒散的作用_托里消毒散说明书_托里消毒散的功效_中药托里消毒散配方_医学百科 - 医学百科；托里消毒散_托里消毒散的作用_托里消毒散说明书_托里消毒散的功效_中药托里消毒散配方_医学百科 - 医学百科 匿名 未登录 登录 医学百科 搜索 托里消毒散 来自医学百科 名字空间 页面 更多 更多 语言 页面选项 Read 查看源代码 历史 目录 1 《校注妇人良方》卷二十四:托里消毒散 2 《外科正宗》卷一:托里消毒散 3 中药方专题 3.1 按功效分类
养精种玉汤,https://www.yixue.com/%E5%85%BB%E7%B2%BE%E7%A7%8D%E7%8E%89%E6%B1%A4,200,是,养精种玉汤_养精种玉汤的作用_养精种玉汤说明书_养精种玉汤的功效_中药养精种玉汤配方_医学百科 - 医学百科；养精种玉汤_养精种玉汤的作用_养精种玉汤说明书_养精种玉汤的功效_中药养精种玉汤配方_医学百科 - 医学百科 匿名 未登录 登录 医学百科 搜索 养精种玉汤 来自医学百科 名字空间 页面 更多 更多 语言 页面选项 Read 查看源代码 历史 【处方】 大熟地 30克（九蒸） 当归 15克（酒洗） 白芍 15克（酒炒） 山萸肉 15克（蒸熟） 【功效与作用】
补肾地黄丸,https://www.yixue.com/%E8%A1%A5%E8%82%BE%E5%9C%B0%E9%BB%84%E4%B8%B8,200,是,补肾地黄丸_补肾地黄丸的作用_补肾地黄丸说明书_补肾地黄丸的功效_中药补肾地黄丸配方_医学百科 - 医学百科；补肾地黄丸_补肾地黄丸的作用_补肾地黄丸说明书_补肾地黄丸的功效_中药补肾地黄丸配方_医学百科 - 医学百科 匿名 未登录 登录 医学百科 搜索 补肾地黄丸 来自医学百科 名字空间 页面 更多 更多 语言 页面选项 Read 查看源代码 历史 目录 1 《活幼心书》卷下:补肾地黄丸 2 《丹溪心法附余》卷十三:补肾地黄丸 3 《保命歌括》卷三十四:补肾地黄丸
大陷胸汤,https://www.yixue.com/%E5%A4%A7%E9%99%B7%E8%83%B8%E6%B1%A4,200,是,大陷胸汤 - 医学百科；大陷胸汤 - 医学百科 匿名 未登录 登录 医学百科 搜索 大陷胸汤 来自医学百科 名字空间 页面 更多 更多 语言 页面选项 Read 查看源代码 历史 【方名】 大陷胸汤 【出处】 《 伤寒论 》 【分类】 泻下剂 - 寒下 【组成】 大黄（去皮，10克） 芒硝 （10克） 甘遂 （1克） 【方诀】大陷胸汤治 结胸 ，心坚硬满便难通 泻热 逐水 为峻剂，
解语丹,https://www.yixue.com/%E8%A7%A3%E8%AF%AD%E4%B8%B9,200,是,解语丹_解语丹的作用_解语丹说明书_解语丹的功效_中药解语丹配方_医学百科 - 医学百科；解语丹_解语丹的作用_解语丹说明书_解语丹的功效_中药解语丹配方_医学百科 - 医学百科 匿名 未登录 登录 医学百科 搜索 解语丹 来自医学百科 名字空间 页面 更多 更多 语言 页面选项 Read 查看源代码 历史 【处方】 白附子 （炮） 石菖蒲 远志 肉 天麻 全蝎 （去毒，酒炒） 羌活 僵蚕 各30克 木香 15克 牛胆 南星 30克 【制法】 上
救急稀涎散,https://www.yixue.com/%E6%95%91%E6%80%A5%E7%A8%80%E6%B6%8E%E6%95%A3,200,是,救急稀涎散 - 医学百科；救急稀涎散 - 医学百科 匿名 未登录 登录 医学百科 搜索 救急稀涎散 来自医学百科 名字空间 页面 更多 更多 语言 页面选项 Read 查看源代码 历史 〖方源〗 《圣济总录》 〖组成〗 猪牙皂 角 如猪牙，肥实不蛀者，削去黑皮，四挺 ［15g］ 白矾 一两，通莹者 ［30g］ 〖用法〗 上二味，为细末，再研极细为散。如有患者，可服半钱［1g］，重者三
绿风羚羊饮,https://www.yixue.com/%E7%BB%BF%E9%A3%8E%E7%BE%9A%E7%BE%8A%E9%A5%AE,200,是,绿风羚羊饮_绿风羚羊饮的作用_绿风羚羊饮说明书_绿风羚羊饮的功效_中药绿风羚羊饮配方_医学百科 - 医学百科；绿风羚羊饮_绿风羚羊饮的作用_绿风羚羊饮说明书_绿风羚羊饮的功效_中药绿风羚羊饮配方_医学百科 - 医学百科 匿名 未登录 登录 医学百科 搜索 绿风羚羊饮 来自医学百科 名字空间 页面 更多 更多 语言 页面选项 Read 查看源代码 历史 【处方】 黑参 6克 防风 6克 茯苓 6克 知母 6克 黄芩 2克 细辛 3克 桔梗 6克 羚羊角 3克 车前子 
内补丸,https://www.yixue.com/%E5%86%85%E8%A1%A5%E4%B8%B8,200,是,内补丸_内补丸的作用_内补丸说明书_内补丸的功效_中药内补丸配方_医学百科 - 医学百科；内补丸_内补丸的作用_内补丸说明书_内补丸的功效_中药内补丸配方_医学百科 - 医学百科 匿名 未登录 登录 医学百科 搜索 内补丸 来自医学百科 名字空间 页面 更多 更多 语言 页面选项 Read 查看源代码 历史 目录 1 《太平圣惠方》卷五十九:内补丸 2 《圣济总录》卷五十二:内补丸 3 中药方专题 3.1 按功效分类的常用方剂 3.2 中药方大全
清气化痰丸,https://www.yixue.com/%E6%B8%85%E6%B0%94%E5%8C%96%E7%97%B0%E4%B8%B8,200,是,清气化痰丸_清气化痰丸说明书_清气化痰丸的作用_清气化痰丸副作用_清气化痰丸是什么_医学百科 - 医学百科；清气化痰丸_清气化痰丸说明书_清气化痰丸的作用_清气化痰丸副作用_清气化痰丸是什么_医学百科 - 医学百科 匿名 未登录 登录 医学百科 搜索 清气化痰丸 来自医学百科 名字空间 页面 更多 更多 语言 页面选项 Read 查看源代码 历史 清气化痰丸 ， 清肺化痰 。用于 肺热咳嗽 ， 痰多 黄稠，胸 脘 满闷。 本药品被归类到 其它呼吸系统疾病 、 清热
胃苓汤,https://www.yixue.com/%E8%83%83%E8%8B%93%E6%B1%A4,200,是,胃苓汤 - 医学百科；胃苓汤 - 医学百科 匿名 未登录 登录 医学百科 搜索 胃苓汤 来自医学百科 名字空间 页面 更多 更多 语言 页面选项 Read 查看源代码 历史 功效：主治面色虚浮晦暗 纳呆 形寒舌胖有齿痕苔白腻 服用方法：水煎 温服 药品出处：《 丹溪心法 》加 桂枝 灵仙 木瓜 络石 原料： 苍术 ：10g， 厚朴 ：10g， 陈皮 ：5g， 甘草 ：5g， 白术
犀黄丸,https://www.yixue.com/%E7%8A%80%E9%BB%84%E4%B8%B8,200,是,犀黄丸 - 医学百科；犀黄丸 - 医学百科 匿名 未登录 登录 医学百科 搜索 犀黄丸 来自医学百科 名字空间 页面 更多 更多 语言 页面选项 Read 查看源代码 历史 【 来源 】 外科 全生集 ， 王维德， 1740 【 异名 】 西黄丸 (《治疗汇要》卷下)。 【 处方 】 牛黄 （别名：丑宝、 西黄 、犀黄）0.9克 乳香 （去油） 没药（去油）各30克（研极细末） 
增液汤,https://www.yixue.com/%E5%A2%9E%E6%B6%B2%E6%B1%A4,200,是,增液汤 - 医学百科；增液汤 - 医学百科 匿名 未登录 登录 医学百科 搜索 增液汤 来自医学百科 名字空间 页面 更多 更多 语言 页面选项 Read 查看源代码 历史 增液汤 【来源】 《 温病条辨 》 【组成】 玄参 一两(30g) 麦冬 连心，八钱(24g) 细 生地 八钱(24g) ， 肉桂 2g（热，可中和前面的寒） 具体用法 水八杯，煮取三杯， 口干 则与饮令尽；
正气天香散,https://www.yixue.com/%E6%AD%A3%E6%B0%94%E5%A4%A9%E9%A6%99%E6%95%A3,200,是,正气天香散 - 医学百科；正气天香散 - 医学百科 匿名 未登录 登录 医学百科 搜索 正气天香散 来自医学百科 名字空间 页面 更多 更多 语言 页面选项 Read 查看源代码 历史 方 名： 正气天香散 （经产之剂） 总 结： 气滞 经迟 编 号： 029 组 成： 乌药 、 陈皮 、 苏叶 、 香附 、 干姜 主 治： 治一切诸气，气上凑心，心胸攻筑，肋刺痛。月水不调。 归 
止嗽散,https://www.yixue.com/%E6%AD%A2%E5%97%BD%E6%95%A3,200,是,止嗽散 - 医学百科；止嗽散 - 医学百科 匿名 未登录 登录 医学百科 搜索 止嗽散 来自医学百科 名字空间 页面 更多 更多 语言 页面选项 Read 查看源代码 历史 止嗽散 药方 止嗽散药方（一）∶《 医学心悟 》卷三 ［来源］ 《医学心悟》卷三。 ［组成］ 桔梗 (炒)， 荆芥 ， 紫菀 (蒸)， 百部(蒸)， 白前 (蒸)，各1kg（各二斤）； 甘草 (炒)375g(
枳术丸,https://www.yixue.com/%E6%9E%B3%E6%9C%AF%E4%B8%B8,200,是,枳术丸 - 医学百科；枳术丸 - 医学百科 匿名 未登录 登录 医学百科 搜索 枳术丸 来自医学百科 名字空间 页面 更多 更多 语言 页面选项 Read 查看源代码 历史 【来源】中国药典2000年版一部 【 中药 名称】 枳术丸 【拼音名】 Zhizhu Wan 【性状】 本品为褐色的 水丸 ；气微香，味微苦。 【鉴别】(1) 取本品，置 显微镜 下观察：草酸钙方晶成片存在于
逐寒荡惊汤,https://www.yixue.com/%E9%80%90%E5%AF%92%E8%8D%A1%E6%83%8A%E6%B1%A4,200,是,逐寒荡惊汤_逐寒荡惊汤的作用_逐寒荡惊汤说明书_逐寒荡惊汤的功效_中药逐寒荡惊汤配方_医学百科 - 医学百科；逐寒荡惊汤_逐寒荡惊汤的作用_逐寒荡惊汤说明书_逐寒荡惊汤的功效_中药逐寒荡惊汤配方_医学百科 - 医学百科 匿名 未登录 登录 医学百科 搜索 逐寒荡惊汤 来自医学百科 名字空间 页面 更多 更多 语言 页面选项 Read 查看源代码 历史 【处方】 胡椒 3克（打） 炮姜 3克 肉桂 3克 【功效与作用】 治小儿体弱久病，或痘疹后误服寒凉转为慢惊者。 【
助阳活血汤,https://www.yixue.com/%E5%8A%A9%E9%98%B3%E6%B4%BB%E8%A1%80%E6%B1%A4,404,否,404；
大半夏汤,https://www.yixue.com/%E5%A4%A7%E5%8D%8A%E5%A4%8F%E6%B1%A4,200,是,大半夏汤_大半夏汤的作用_大半夏汤说明书_大半夏汤的功效_中药大半夏汤配方_医学百科 - 医学百科；大半夏汤_大半夏汤的作用_大半夏汤说明书_大半夏汤的功效_中药大半夏汤配方_医学百科 - 医学百科 匿名 未登录 登录 医学百科 搜索 大半夏汤 来自医学百科 名字空间 页面 更多 更多 语言 页面选项 Read 查看源代码 历史 目录 1 唐.孙思邈《千金翼方》:大半夏汤 2 《金匮要略》卷中:大半夏汤 3 《备急千金要方》卷十六:大半夏汤 4 《得效》卷
桂麝散,https://www.yixue.com/%E6%A1%82%E9%BA%9D%E6%95%A3,200,是,桂麝散_桂麝散的作用_桂麝散说明书_桂麝散的功效_中药桂麝散配方_医学百科 - 医学百科；桂麝散_桂麝散的作用_桂麝散说明书_桂麝散的功效_中药桂麝散配方_医学百科 - 医学百科 匿名 未登录 登录 医学百科 搜索 桂麝散 来自医学百科 名字空间 页面 更多 更多 语言 页面选项 Read 查看源代码 历史 【处方】 麻黄 15克 细辛 15克 肉桂 30克 牙皂 9克 生 半夏 24克 丁香 30克 南星 24克 麝香 1.8克 冰片 1.2克
活血散瘀汤,https://www.yixue.com/%E6%B4%BB%E8%A1%80%E6%95%A3%E7%98%80%E6%B1%A4,200,是,活血散瘀汤_活血散瘀汤的作用_活血散瘀汤说明书_活血散瘀汤的功效_中药活血散瘀汤配方_医学百科 - 医学百科；活血散瘀汤_活血散瘀汤的作用_活血散瘀汤说明书_活血散瘀汤的功效_中药活血散瘀汤配方_医学百科 - 医学百科 匿名 未登录 登录 医学百科 搜索 活血散瘀汤 来自医学百科 名字空间 页面 更多 更多 语言 页面选项 Read 查看源代码 历史 目录 1 《外科正宗》卷三:活血散瘀汤 2 《中医外伤科学》:活血散瘀汤 3 《赵炳南临床经验集》:活血散瘀汤 4 
加味二陈汤,https://www.yixue.com/%E5%8A%A0%E5%91%B3%E4%BA%8C%E9%99%88%E6%B1%A4,200,是,加味二陈汤_加味二陈汤的作用_加味二陈汤说明书_加味二陈汤的功效_中药加味二陈汤配方_医学百科 - 医学百科；加味二陈汤_加味二陈汤的作用_加味二陈汤说明书_加味二陈汤的功效_中药加味二陈汤配方_医学百科 - 医学百科 匿名 未登录 登录 医学百科 搜索 加味二陈汤 来自医学百科 名字空间 页面 更多 更多 语言 页面选项 Read 查看源代码 历史 目录 1 易玉泉方:加味二陈汤 2 《济阳纲目》卷一○五:加味二陈汤 3 《济阳纲目》卷七十三:加味二陈汤 4 《济
金沸草散,https://www.yixue.com/%E9%87%91%E6%B2%B8%E8%8D%89%E6%95%A3,200,是,金沸草散 - 医学百科；金沸草散 - 医学百科 匿名 未登录 登录 医学百科 搜索 金沸草散 来自医学百科 名字空间 页面 更多 更多 语言 页面选项 Read 查看源代码 历史 目录 1 金沸草散（除痰之剂） 2 金沸草散-类证活人书 3 金沸草散-博济方 4 金沸草散-普济方 5 金沸草散-《便览》卷二。 金沸草散 （除痰之剂） 总 结： 伤风 欬嗽 编 号：007 组 成： 
补筋丸,https://www.yixue.com/%E8%A1%A5%E7%AD%8B%E4%B8%B8,200,是,补筋丸_补筋丸的作用_补筋丸说明书_补筋丸的功效_中药补筋丸配方_医学百科 - 医学百科；补筋丸_补筋丸的作用_补筋丸说明书_补筋丸的功效_中药补筋丸配方_医学百科 - 医学百科 匿名 未登录 登录 医学百科 搜索 补筋丸 来自医学百科 名字空间 页面 更多 更多 语言 页面选项 Read 查看源代码 历史 目录 1 《医宗金鉴》卷七十三:补筋丸 2 《金鉴》卷八十九:补筋丸 3 中药方专题 3.1 按功效分类的常用方剂 3.2 中药方大全 按拼
沉香散,https://www.yixue.com/%E6%B2%89%E9%A6%99%E6%95%A3,200,是,沉香散 - 医学百科；沉香散 - 医学百科 匿名 未登录 登录 医学百科 搜索 沉香散 来自医学百科 名字空间 页面 更多 更多 语言 页面选项 Read 查看源代码 历史 【来源】《魏氏家藏方》卷九。 【组成】 沉香 (不见火) 木香 (不见火) 枳壳 (麸炒，去瓤)各15克 萝卜 子30克(炒) 【用法】上药哎咀。每服6克，用冰225毫升，加 生姜 5片，煎至160毫升，去滓
丹参饮,https://www.yixue.com/%E4%B8%B9%E5%8F%82%E9%A5%AE,200,是,丹参饮 - 医学百科；丹参饮 - 医学百科 匿名 未登录 登录 医学百科 搜索 丹参饮 来自医学百科 名字空间 页面 更多 更多 语言 页面选项 Read 查看源代码 历史 〖方源〗 《时方歌括》卷下。 〖组成〗 丹参 一两［30g］ 檀香 砂仁 各一钱半［4.5g］ 〖用法〗 以水一杯，煎七分服。 〖主治〗 血瘀 气滞，心胃诸痛。 〖功用〗 活血祛瘀 ， 行气止痛 。 〖运用〗
槐角丸,https://www.yixue.com/%E6%A7%90%E8%A7%92%E4%B8%B8,200,是,槐角丸_槐角丸说明书_槐角丸的作用_槐角丸副作用_槐角丸是什么_医学百科 - 医学百科；槐角丸_槐角丸说明书_槐角丸的作用_槐角丸副作用_槐角丸是什么_医学百科 - 医学百科 匿名 未登录 登录 医学百科 搜索 槐角丸 来自医学百科 名字空间 页面 更多 更多 语言 页面选项 Read 查看源代码 历史 槐角丸 ， 清肠 疏风 ， 凉血止血 。用于 血热 所致的 肠风 便血 、 痔疮 肿痛 。 本药品被归类到 痔疮 等药品分类。 目录 1 槐角
黄连温胆汤,https://www.yixue.com/%E9%BB%84%E8%BF%9E%E6%B8%A9%E8%83%86%E6%B1%A4,200,是,黄连温胆汤 - 医学百科；黄连温胆汤 - 医学百科 匿名 未登录 登录 医学百科 搜索 黄连温胆汤 来自医学百科 名字空间 页面 更多 更多 语言 页面选项 Read 查看源代码 历史 【来源】《六因条辨》卷上。 【功效】 清热燥湿 理气 化痰 和胃 利胆 【药物组成】 温胆汤 加 黄连 （ 半夏 60g 陈皮 90g 竹茹 60g 枳实 60g 茯苓 45g 炙甘草 30g 大枣 
胶艾汤,https://www.yixue.com/%E8%83%B6%E8%89%BE%E6%B1%A4,200,是,胶艾汤 - 医学百科；胶艾汤 - 医学百科 匿名 未登录 登录 医学百科 搜索 胶艾汤 来自医学百科 名字空间 页面 更多 更多 语言 页面选项 Read 查看源代码 历史 胶艾汤 【组成】 阿胶 （炙）3两， 艾叶 （熬）3两， 芍药 3两， 干地黄 3两， 当归 2两， 干姜 2两，芎藭2两， 甘草 （炙）2两。 【来源】《千金翼》卷二十。 【主治】男子绝伤，或从高堕下，伤损
五磨饮子,https://www.yixue.com/%E4%BA%94%E7%A3%A8%E9%A5%AE%E5%AD%90,200,是,五磨饮子 - 医学百科；五磨饮子 - 医学百科 匿名 未登录 登录 医学百科 搜索 五磨饮子 来自医学百科 名字空间 页面 更多 更多 语言 页面选项 Read 查看源代码 历史 五磨饮子 【来源】《医方考》卷六。 【组成】 木香 沉香 槟榔 枳实 台乌药 各等分 【用法】白酒磨服。 【功效】 解郁 ， 降气 。 【主治】暴怒暴死，名曰 气厥 者。 七情 变动， 气逆 不降， 上气
小柴胡汤,https://www.yixue.com/%E5%B0%8F%E6%9F%B4%E8%83%A1%E6%B1%A4,200,是,小柴胡汤 - 医学百科；小柴胡汤 - 医学百科 匿名 未登录 登录 医学百科 搜索 小柴胡汤 来自医学百科 名字空间 页面 更多 更多 语言 页面选项 Read 查看源代码 历史 小柴胡汤 是一种 方剂 ，属 中药 类，源自《 伤寒杂病论 》。其功效主要是 和解少阳 ， 和胃降逆 ， 扶正祛邪 。 小柴胡汤药方 目录 1 ［来源］ 2 ［组成］ 3 ［用法］ 4 ［主治］ 5 ［加
治痰茯苓丸,https://www.yixue.com/%E6%B2%BB%E7%97%B0%E8%8C%AF%E8%8B%93%E4%B8%B8,200,是,治痰茯苓丸_治痰茯苓丸的作用_治痰茯苓丸说明书_治痰茯苓丸的功效_中药治痰茯苓丸配方_医学百科 - 医学百科；治痰茯苓丸_治痰茯苓丸的作用_治痰茯苓丸说明书_治痰茯苓丸的功效_中药治痰茯苓丸配方_医学百科 - 医学百科 匿名 未登录 登录 医学百科 搜索 治痰茯苓丸 来自医学百科 名字空间 页面 更多 更多 语言 页面选项 Read 查看源代码 历史 【别名】 茯苓丸 （《 妇人大全良方 》卷三）、《指迷》茯苓丸（《 证治准绳 .类方》卷二）。 【处方】 茯苓 30
白豆蔻散,https://www.yixue.com/%E7%99%BD%E8%B1%86%E8%94%BB%E6%95%A3,200,是,白豆蔻散_白豆蔻散的作用_白豆蔻散说明书_白豆蔻散的功效_中药白豆蔻散配方_医学百科 - 医学百科；白豆蔻散_白豆蔻散的作用_白豆蔻散说明书_白豆蔻散的功效_中药白豆蔻散配方_医学百科 - 医学百科 匿名 未登录 登录 医学百科 搜索 白豆蔻散 来自医学百科 名字空间 页面 更多 更多 语言 页面选项 Read 查看源代码 历史 目录 1 《宋.太平惠民和剂局方》:白豆蔻散 2 《太平圣惠方》卷八十四:白豆蔻散 3 《圣惠》卷四十七:白豆蔻散 4 《圣惠》
补肾明目丸,https://www.yixue.com/%E8%A1%A5%E8%82%BE%E6%98%8E%E7%9B%AE%E4%B8%B8,200,是,补肾明目丸_补肾明目丸的作用_补肾明目丸说明书_补肾明目丸的功效_中药补肾明目丸配方_医学百科 - 医学百科；补肾明目丸_补肾明目丸的作用_补肾明目丸说明书_补肾明目丸的功效_中药补肾明目丸配方_医学百科 - 医学百科 匿名 未登录 登录 医学百科 搜索 补肾明目丸 来自医学百科 名字空间 页面 更多 更多 语言 页面选项 Read 查看源代码 历史 目录 1 《银海精微》卷上:补肾明目丸 2 《银海精微》卷上:补肾明目丸 3 中药方专题 3.1 按功效分类的常用方
趁痛丸,https://www.yixue.com/%E8%B6%81%E7%97%9B%E4%B8%B8,200,是,趁痛丸_趁痛丸的作用_趁痛丸说明书_趁痛丸的功效_中药趁痛丸配方_医学百科 - 医学百科；趁痛丸_趁痛丸的作用_趁痛丸说明书_趁痛丸的功效_中药趁痛丸配方_医学百科 - 医学百科 匿名 未登录 登录 医学百科 搜索 趁痛丸 来自医学百科 名字空间 页面 更多 更多 语言 页面选项 Read 查看源代码 历史 目录 1 《圣济总录》卷十:趁痛丸 2 《兰室秘藏》卷下:趁痛丸 3 《朱氏集验方》卷一引朱仁卿方:趁痛丸 4 《鸡峰》卷四:趁痛丸 5 《
春泽汤,https://www.yixue.com/%E6%98%A5%E6%B3%BD%E6%B1%A4,200,是,春泽汤_春泽汤的作用_春泽汤说明书_春泽汤的功效_中药春泽汤配方_医学百科 - 医学百科；春泽汤_春泽汤的作用_春泽汤说明书_春泽汤的功效_中药春泽汤配方_医学百科 - 医学百科 匿名 未登录 登录 医学百科 搜索 春泽汤 来自医学百科 名字空间 页面 更多 更多 语言 页面选项 Read 查看源代码 历史 目录 1 明.方贤着《奇效良方》:春泽汤 2 《世医得效方》卷二:春泽汤 3 《医钞类编》卷十:春泽汤 4 《普济方》卷一三三引《御药院方》
大柴胡汤,https://www.yixue.com/%E5%A4%A7%E6%9F%B4%E8%83%A1%E6%B1%A4,200,是,大柴胡汤 - 医学百科；大柴胡汤 - 医学百科 匿名 未登录 登录 医学百科 搜索 大柴胡汤 来自医学百科 名字空间 页面 更多 更多 语言 页面选项 Read 查看源代码 历史 《 金匮要略 》 目录 1 分类 2 组成 3 功用 4 主治 5 用法 6 禁忌 7 方解 8 化裁 9 附方 10 附注 11 文献 12 临证加减 13 现代运用 14 注意事项 15 来源 16 
黛蛤散,https://www.yixue.com/%E9%BB%9B%E8%9B%A4%E6%95%A3,200,是,黛蛤散 - 医学百科；黛蛤散 - 医学百科 匿名 未登录 登录 医学百科 搜索 黛蛤散 来自医学百科 名字空间 页面 更多 更多 语言 页面选项 Read 查看源代码 历史 黛蛤散 【处方】 青黛 30g 蛤壳 300g 【制法】上二味，粉碎成细粉，过筛，混匀，即得。 【性状】为灰蓝色的粉末；味淡。 【功能与主治】 清肝 利肺 ，降逆除烦。用于肝肺实热， 头晕 耳鸣 ， 咳嗽 吐
癫狂梦醒汤,https://www.yixue.com/%E7%99%AB%E7%8B%82%E6%A2%A6%E9%86%92%E6%B1%A4,200,是,癫狂梦醒汤_癫狂梦醒汤的作用_癫狂梦醒汤说明书_癫狂梦醒汤的功效_中药癫狂梦醒汤配方_医学百科 - 医学百科；癫狂梦醒汤_癫狂梦醒汤的作用_癫狂梦醒汤说明书_癫狂梦醒汤的功效_中药癫狂梦醒汤配方_医学百科 - 医学百科 匿名 未登录 登录 医学百科 搜索 癫狂梦醒汤 来自医学百科 名字空间 页面 更多 更多 语言 页面选项 Read 查看源代码 历史 【处方】 桃仁 24克 柴胡 9克 香附 6克 木通 9克 赤芍 9克 半夏 6克 腹皮 9克 青皮 6克 陈皮 9
调元散,https://www.yixue.com/%E8%B0%83%E5%85%83%E6%95%A3,200,是,调元散_调元散的作用_调元散说明书_调元散的功效_中药调元散配方_医学百科 - 医学百科；调元散_调元散的作用_调元散说明书_调元散的功效_中药调元散配方_医学百科 - 医学百科 匿名 未登录 登录 医学百科 搜索 调元散 来自医学百科 名字空间 页面 更多 更多 语言 页面选项 Read 查看源代码 历史 目录 1 《活幼心书》卷下:调元散 2 《痘疹传心录》卷十八:调元散 3 《景岳全书》卷六十二:调元散 4 《揣摩有得集》:调元散 5 《冯
丁桂散,https://www.yixue.com/%E4%B8%81%E6%A1%82%E6%95%A3,200,是,丁桂散_丁桂散的作用_丁桂散说明书_丁桂散的功效_中药丁桂散配方_医学百科 - 医学百科；丁桂散_丁桂散的作用_丁桂散说明书_丁桂散的功效_中药丁桂散配方_医学百科 - 医学百科 匿名 未登录 登录 医学百科 搜索 丁桂散 来自医学百科 名字空间 页面 更多 更多 语言 页面选项 Read 查看源代码 历史 【处方】 丁香 9克 肉桂 30克 【制法】 上药研为细末。 【功效与作用】 主 头痛 。 【用法用量】 每用少许人伤膏内贴之。 【摘录】 
定志丸,https://www.yixue.com/%E5%AE%9A%E5%BF%97%E4%B8%B8,200,是,定志丸 - 医学百科；定志丸 - 医学百科 匿名 未登录 登录 医学百科 搜索 定志丸 来自医学百科 名字空间 页面 更多 更多 语言 页面选项 Read 查看源代码 历史 方 名： 定志丸 （明目之剂） 总 结：不能 远视 编 号：003 组 成： 远志 、 石菖蒲 、 人参 、 茯苓 主 治：1.治目不能远视，而能 近视 者。 2.常服益心强志，能疗 健忘 。 归 经：此手少
防风根汤,https://www.yixue.com/%E9%98%B2%E9%A3%8E%E6%A0%B9%E6%B1%A4,200,是,防风根汤_防风根汤的作用_防风根汤说明书_防风根汤的功效_中药防风根汤配方_医学百科 - 医学百科；防风根汤_防风根汤的作用_防风根汤说明书_防风根汤的功效_中药防风根汤配方_医学百科 - 医学百科 匿名 未登录 登录 医学百科 搜索 防风根汤 来自医学百科 名字空间 页面 更多 更多 语言 页面选项 Read 查看源代码 历史 【处方】 防风 根、于术、 当归 、 姜黄 、生 黄耆 、 桑枝 。 【功效与作用】 络虚而致之 肩膊 疼痛连臂，渐下入 环跳 
防风散,https://www.yixue.com/%E9%98%B2%E9%A3%8E%E6%95%A3,200,是,防风散_防风散的作用_防风散说明书_防风散的功效_中药防风散配方_医学百科 - 医学百科；防风散_防风散的作用_防风散说明书_防风散的功效_中药防风散配方_医学百科 - 医学百科 匿名 未登录 登录 医学百科 搜索 防风散 来自医学百科 名字空间 页面 更多 更多 语言 页面选项 Read 查看源代码 历史 目录 1 明.方贤着《奇效良方》:防风散 2 明.方贤着《奇效良方》:防风散 3 明.方贤着《奇效良方》:防风散 4 《太平圣惠方》卷二十:
和营止痛汤,https://www.yixue.com/%E5%92%8C%E8%90%A5%E6%AD%A2%E7%97%9B%E6%B1%A4,200,是,和营止痛汤_和营止痛汤的作用_和营止痛汤说明书_和营止痛汤的功效_中药和营止痛汤配方_医学百科 - 医学百科；和营止痛汤_和营止痛汤的作用_和营止痛汤说明书_和营止痛汤的功效_中药和营止痛汤配方_医学百科 - 医学百科 匿名 未登录 登录 医学百科 搜索 和营止痛汤 来自医学百科 名字空间 页面 更多 更多 语言 页面选项 Read 查看源代码 历史 【处方】 赤芍 归尾 川芎 苏木 陈皮 乳香 桃仁 续断 乌药 没药 木通 甘草 【功效与作用】 活血止痛 。治跌扑
黄芪当归散,https://www.yixue.com/%E9%BB%84%E8%8A%AA%E5%BD%93%E5%BD%92%E6%95%A3,404,否,404；
己椒苈黄丸,https://www.yixue.com/%E5%B7%B1%E6%A4%92%E8%8B%88%E9%BB%84%E4%B8%B8,404,否,404；
加味五淋散,https://www.yixue.com/%E5%8A%A0%E5%91%B3%E4%BA%94%E6%B7%8B%E6%95%A3,200,是,加味五淋散_加味五淋散的作用_加味五淋散说明书_加味五淋散的功效_中药加味五淋散配方_医学百科 - 医学百科；加味五淋散_加味五淋散的作用_加味五淋散说明书_加味五淋散的功效_中药加味五淋散配方_医学百科 - 医学百科 匿名 未登录 登录 医学百科 搜索 加味五淋散 来自医学百科 名字空间 页面 更多 更多 语言 页面选项 Read 查看源代码 历史 【处方】 黑栀、 赤茯苓 、 当归 、 白芍 、 黄芩 、 甘草 、 生地 、 泽泻 、 车前子 、 滑石 、 木通
加味逍遥散（《审视瑶函》暴盲方）,https://www.yixue.com/%E5%8A%A0%E5%91%B3%E9%80%8D%E9%81%A5%E6%95%A3%EF%BC%88%E3%80%8A%E5%AE%A1%E8%A7%86%E7%91%B6%E5%87%BD%E3%80%8B%E6%9A%B4%E7%9B%B2%E6%96%B9%EF%BC%89,404,否,404；
将军定痛丸,https://www.yixue.com/%E5%B0%86%E5%86%9B%E5%AE%9A%E7%97%9B%E4%B8%B8,404,否,404；
解毒活血汤,https://www.yixue.com/%E8%A7%A3%E6%AF%92%E6%B4%BB%E8%A1%80%E6%B1%A4,200,是,解毒活血汤_解毒活血汤的作用_解毒活血汤说明书_解毒活血汤的功效_中药解毒活血汤配方_医学百科 - 医学百科；解毒活血汤_解毒活血汤的作用_解毒活血汤说明书_解毒活血汤的功效_中药解毒活血汤配方_医学百科 - 医学百科 匿名 未登录 登录 医学百科 搜索 解毒活血汤 来自医学百科 名字空间 页面 更多 更多 语言 页面选项 Read 查看源代码 历史 目录 1 《医林改错》卷下:解毒活血汤 2 叶汉帜方:解毒活血汤 3 《霍乱论》卷四:解毒活血汤 4 《衷中参西》中
橘皮汤,https://www.yixue.com/%E6%A9%98%E7%9A%AE%E6%B1%A4,200,是,橘皮汤_橘皮汤的作用_橘皮汤说明书_橘皮汤的功效_中药橘皮汤配方_医学百科 - 医学百科；橘皮汤_橘皮汤的作用_橘皮汤说明书_橘皮汤的功效_中药橘皮汤配方_医学百科 - 医学百科 匿名 未登录 登录 医学百科 搜索 橘皮汤 来自医学百科 名字空间 页面 更多 更多 语言 页面选项 Read 查看源代码 历史 目录 1 《金匮要略》卷中:橘皮汤 2 《类证活人书》卷十七:橘皮汤 3 《三因极一病证方论》卷五:橘皮汤 4 《仁斋直指》卷七:橘皮汤 5
苦参汤,https://www.yixue.com/%E8%8B%A6%E5%8F%82%E6%B1%A4,200,是,苦参汤_苦参汤的作用_苦参汤说明书_苦参汤的功效_中药苦参汤配方_医学百科 - 医学百科；苦参汤_苦参汤的作用_苦参汤说明书_苦参汤的功效_中药苦参汤配方_医学百科 - 医学百科 匿名 未登录 登录 医学百科 搜索 苦参汤 来自医学百科 名字空间 页面 更多 更多 语言 页面选项 Read 查看源代码 历史 目录 1 《肘后方》卷二:苦参汤 2 《外科正宗》卷四:苦参汤 3 《疡科心得集》引《大全》:苦参汤 4 《治疹全书》卷下:苦参汤 5 《圣
理中安蛔汤,https://www.yixue.com/%E7%90%86%E4%B8%AD%E5%AE%89%E8%9B%94%E6%B1%A4,200,是,理中安蛔汤_理中安蛔汤的作用_理中安蛔汤说明书_理中安蛔汤的功效_中药理中安蛔汤配方_医学百科 - 医学百科；理中安蛔汤_理中安蛔汤的作用_理中安蛔汤说明书_理中安蛔汤的功效_中药理中安蛔汤配方_医学百科 - 医学百科 匿名 未登录 登录 医学百科 搜索 理中安蛔汤 来自医学百科 名字空间 页面 更多 更多 语言 页面选项 Read 查看源代码 历史 【处方】 人参 中、 白术 中、 干姜 上、 茯苓 中、 乌梅 3个， 花椒 。 【制法】 加 生姜 ，水煎服。如合
连梅安蛔丸,https://www.yixue.com/%E8%BF%9E%E6%A2%85%E5%AE%89%E8%9B%94%E4%B8%B8,404,否,404；
凉血消风散,https://www.yixue.com/%E5%87%89%E8%A1%80%E6%B6%88%E9%A3%8E%E6%95%A3,200,是,凉血消风散_凉血消风散的作用_凉血消风散说明书_凉血消风散的功效_中药凉血消风散配方_医学百科 - 医学百科；凉血消风散_凉血消风散的作用_凉血消风散说明书_凉血消风散的功效_中药凉血消风散配方_医学百科 - 医学百科 匿名 未登录 登录 医学百科 搜索 凉血消风散 来自医学百科 名字空间 页面 更多 更多 语言 页面选项 Read 查看源代码 历史 【处方】 生地 30克 当归 9克 荆芥 9克 蝉衣 6克 苦参 9克 白蒺藜 9克 知母 9克 生石膏 30克 生
木香槟榔丸,https://www.yixue.com/%E6%9C%A8%E9%A6%99%E6%A7%9F%E6%A6%94%E4%B8%B8,200,是,木香槟榔丸_木香槟榔丸说明书_木香槟榔丸的作用_木香槟榔丸副作用_木香槟榔丸是什么_医学百科 - 医学百科；木香槟榔丸_木香槟榔丸说明书_木香槟榔丸的作用_木香槟榔丸副作用_木香槟榔丸是什么_医学百科 - 医学百科 匿名 未登录 登录 医学百科 搜索 木香槟榔丸 来自医学百科 名字空间 页面 更多 更多 语言 页面选项 Read 查看源代码 历史 木香槟榔丸 ， 行气 导滞， 泻热 通便 。用于 湿热 内停， 赤白痢 疾， 里急后重 ，胃肠积滞， 脘 腹 胀痛 ，
青竹茹汤,https://www.yixue.com/%E9%9D%92%E7%AB%B9%E8%8C%B9%E6%B1%A4,200,是,青竹茹汤_青竹茹汤的作用_青竹茹汤说明书_青竹茹汤的功效_中药青竹茹汤配方_医学百科 - 医学百科；青竹茹汤_青竹茹汤的作用_青竹茹汤说明书_青竹茹汤的功效_中药青竹茹汤配方_医学百科 - 医学百科 匿名 未登录 登录 医学百科 搜索 青竹茹汤 来自医学百科 名字空间 页面 更多 更多 语言 页面选项 Read 查看源代码 历史 【处方】 生芦根（切）20克 青竹茹20克 粟米 6克 生姜 6克 【制法】 上药哎咀。 【功效与作用】 治 伤寒 后 胃热 气
清肺饮,https://www.yixue.com/%E6%B8%85%E8%82%BA%E9%A5%AE,200,是,清肺饮_清肺饮的作用_清肺饮说明书_清肺饮的功效_中药清肺饮配方_医学百科 - 医学百科；清肺饮_清肺饮的作用_清肺饮说明书_清肺饮的功效_中药清肺饮配方_医学百科 - 医学百科 匿名 未登录 登录 医学百科 搜索 清肺饮 来自医学百科 名字空间 页面 更多 更多 语言 页面选项 Read 查看源代码 历史 目录 1 《症因脉治》卷三:清肺饮 2 《症因脉治》卷四:清肺饮 3 《种痘新书》卷四:清肺饮 4 《外科十三方考》下编:清肺饮 5 中药方
清胃解毒汤,https://www.yixue.com/%E6%B8%85%E8%83%83%E8%A7%A3%E6%AF%92%E6%B1%A4,200,是,清胃解毒汤_清胃解毒汤的作用_清胃解毒汤说明书_清胃解毒汤的功效_中药清胃解毒汤配方_医学百科 - 医学百科；清胃解毒汤_清胃解毒汤的作用_清胃解毒汤说明书_清胃解毒汤的功效_中药清胃解毒汤配方_医学百科 - 医学百科 匿名 未登录 登录 医学百科 搜索 清胃解毒汤 来自医学百科 名字空间 页面 更多 更多 语言 页面选项 Read 查看源代码 历史 目录 1 《痘疹传心录》卷十五:清胃解毒汤 2 《广西中医药》:清胃解毒汤 3 中药方专题 3.1 按功效分类的常用
清咽双和饮,https://www.yixue.com/%E6%B8%85%E5%92%BD%E5%8F%8C%E5%92%8C%E9%A5%AE,404,否,404；
石韦散,https://www.yixue.com/%E7%9F%B3%E9%9F%A6%E6%95%A3,200,是,石韦散_石韦散的作用_石韦散说明书_石韦散的功效_中药石韦散配方_医学百科 - 医学百科；石韦散_石韦散的作用_石韦散说明书_石韦散的功效_中药石韦散配方_医学百科 - 医学百科 匿名 未登录 登录 医学百科 搜索 石韦散 来自医学百科 名字空间 页面 更多 更多 语言 页面选项 Read 查看源代码 历史 目录 1 《外台秘要》卷二十七引《集验方》:石韦散 2 《外台秘要》卷二十七引《古今录验》:石韦散 3 中药方专题 3.1 按功效分类的常用
熟地首乌汤,https://www.yixue.com/%E7%86%9F%E5%9C%B0%E9%A6%96%E4%B9%8C%E6%B1%A4,404,否,404；
双柏膏,https://www.yixue.com/%E5%8F%8C%E6%9F%8F%E8%86%8F,404,否,404；
双解汤,https://www.yixue.com/%E5%8F%8C%E8%A7%A3%E6%B1%A4,404,否,404；
苏叶黄连汤,https://www.yixue.com/%E8%8B%8F%E5%8F%B6%E9%BB%84%E8%BF%9E%E6%B1%A4,200,是,苏叶黄连汤_苏叶黄连汤的作用_苏叶黄连汤说明书_苏叶黄连汤的功效_中药苏叶黄连汤配方_医学百科 - 医学百科；苏叶黄连汤_苏叶黄连汤的作用_苏叶黄连汤说明书_苏叶黄连汤的功效_中药苏叶黄连汤配方_医学百科 - 医学百科 匿名 未登录 登录 医学百科 搜索 苏叶黄连汤 来自医学百科 名字空间 页面 更多 更多 语言 页面选项 Read 查看源代码 历史 【处方】 川连 0.9～1.2克 苏叶 0.6～0.9克 【功效与作用】 清热化湿 ，和胃止呕。治 湿热 症，呕恶不
乌药散,https://www.yixue.com/%E4%B9%8C%E8%8D%AF%E6%95%A3,200,是,乌药散_乌药散的作用_乌药散说明书_乌药散的功效_中药乌药散配方_医学百科 - 医学百科；乌药散_乌药散的作用_乌药散说明书_乌药散的功效_中药乌药散配方_医学百科 - 医学百科 匿名 未登录 登录 医学百科 搜索 乌药散 来自医学百科 名字空间 页面 更多 更多 语言 页面选项 Read 查看源代码 历史 目录 1 《太平圣惠方》卷七十一:乌药散 2 《小儿药证直诀》卷下:乌药散 3 《朱氏集验方》卷十:乌药散 4 《朱氏集验方》卷十:乌药散 
五淋散,https://www.yixue.com/%E4%BA%94%E6%B7%8B%E6%95%A3,200,是,五淋散 - 医学百科；五淋散 - 医学百科 匿名 未登录 登录 医学百科 搜索 五淋散 来自医学百科 名字空间 页面 更多 更多 语言 页面选项 Read 查看源代码 历史 【来源】《 太平惠民和剂局方 》卷六。 【 异名 】 山栀子 汤(《鸡峰 普济 方》卷十八)。 【组成】 木通 (去节) 滑石 甘草 (炙)各180克 山栀 仁(炒)420克 赤芍 药 茯苓 (去皮)各250
五痿汤,https://www.yixue.com/%E4%BA%94%E7%97%BF%E6%B1%A4,200,是,五痿汤_五痿汤的作用_五痿汤说明书_五痿汤的功效_中药五痿汤配方_医学百科 - 医学百科；五痿汤_五痿汤的作用_五痿汤说明书_五痿汤的功效_中药五痿汤配方_医学百科 - 医学百科 匿名 未登录 登录 医学百科 搜索 五痿汤 来自医学百科 名字空间 页面 更多 更多 语言 页面选项 Read 查看源代码 历史 【处方】 人参 3克 白术 3克 茯苓 3克 甘草 （炙）1.2克 当归 4.5克 苡仁 9克 麦冬 6克 黄柏 1.5克 知母 1.5克 
香连丸,https://www.yixue.com/%E9%A6%99%E8%BF%9E%E4%B8%B8,200,是,香连丸_香连丸说明书_香连丸的作用_香连丸副作用_香连丸是什么_医学百科 - 医学百科；香连丸_香连丸说明书_香连丸的作用_香连丸副作用_香连丸是什么_医学百科 - 医学百科 匿名 未登录 登录 医学百科 搜索 香连丸 来自医学百科 名字空间 页面 更多 更多 语言 页面选项 Read 查看源代码 历史 香连丸 ， 清热燥湿 ， 行气止痛 。用于 泄泻 腹痛 ，便黄而粘。 本药品被归类到 腹痛、腹泻 等药品分类。 目录 1 香连丸的副作用（不良
象皮膏,https://www.yixue.com/%E8%B1%A1%E7%9A%AE%E8%86%8F,200,是,象皮膏_象皮膏的作用_象皮膏说明书_象皮膏的功效_中药象皮膏配方_医学百科 - 医学百科；象皮膏_象皮膏的作用_象皮膏说明书_象皮膏的功效_中药象皮膏配方_医学百科 - 医学百科 匿名 未登录 登录 医学百科 搜索 象皮膏 来自医学百科 名字空间 页面 更多 更多 语言 页面选项 Read 查看源代码 历史 【处方】 第一组：大黄90克 川芎 当归 生地 各30克 红花9克 川连 9克 甘草 15克 荆芥 9克 肉桂 9克 白及9克 白蔹 9克 
薏苡仁汤,https://www.yixue.com/%E8%96%8F%E8%8B%A1%E4%BB%81%E6%B1%A4,200,是,薏苡仁汤 - 医学百科；薏苡仁汤 - 医学百科 匿名 未登录 登录 医学百科 搜索 薏苡仁汤 来自医学百科 名字空间 页面 更多 更多 语言 页面选项 Read 查看源代码 历史 薏苡仁汤 【处方】 薏苡仁 （一两） 当归 （一两） 芍药 （一两） 麻黄 （一两） 官桂 （一两） 甘草 （炙.一两） 苍术 （米泔浸一宿.去皮.挫炒.一两） 【功能与主治】治 中风 手足流注疼痛，麻痹
栀子胜奇散,https://www.yixue.com/%E6%A0%80%E5%AD%90%E8%83%9C%E5%A5%87%E6%95%A3,200,是,栀子胜奇散_栀子胜奇散的作用_栀子胜奇散说明书_栀子胜奇散的功效_中药栀子胜奇散配方_医学百科 - 医学百科；栀子胜奇散_栀子胜奇散的作用_栀子胜奇散说明书_栀子胜奇散的功效_中药栀子胜奇散配方_医学百科 - 医学百科 匿名 未登录 登录 医学百科 搜索 栀子胜奇散 来自医学百科 名字空间 页面 更多 更多 语言 页面选项 Read 查看源代码 历史 【处方】 蛇蜕 草决明 川芎 荆芥穗 蒺藜 （炒） 谷精草 菊花 防风 羌活 密蒙花 甘草 （炙） 蔓荆子 木贼草 
猪苓散,https://www.yixue.com/%E7%8C%AA%E8%8B%93%E6%95%A3,200,是,猪苓散 - 医学百科；猪苓散 - 医学百科 匿名 未登录 登录 医学百科 搜索 猪苓散 来自医学百科 名字空间 页面 更多 更多 语言 页面选项 Read 查看源代码 历史 【来源】《金匮要略》卷中。 【 异名 】三物猪苓散(《 三因极一病证方论 》卷十一)。 【组成】 猪苓 茯苓 白术 各等分。 【用法】上三味，杵为散。每次6克，温开水调服，每日三次。 【功用】 健脾 利水 。
壮筋养血汤,https://www.yixue.com/%E5%A3%AE%E7%AD%8B%E5%85%BB%E8%A1%80%E6%B1%A4,200,是,壮筋养血汤_壮筋养血汤的作用_壮筋养血汤说明书_壮筋养血汤的功效_中药壮筋养血汤配方_医学百科 - 医学百科；壮筋养血汤_壮筋养血汤的作用_壮筋养血汤说明书_壮筋养血汤的功效_中药壮筋养血汤配方_医学百科 - 医学百科 匿名 未登录 登录 医学百科 搜索 壮筋养血汤 来自医学百科 名字空间 页面 更多 更多 语言 页面选项 Read 查看源代码 历史 【处方】 白芍 9克 当归 9克 川芎 6克 川断 12克 红花5克 生地 12克 牛膝 9克 牡丹皮 9克 杜仲 
滋阴除湿汤,https://www.yixue.com/%E6%BB%8B%E9%98%B4%E9%99%A4%E6%B9%BF%E6%B1%A4,200,是,滋阴除湿汤_滋阴除湿汤的作用_滋阴除湿汤说明书_滋阴除湿汤的功效_中药滋阴除湿汤配方_医学百科 - 医学百科；滋阴除湿汤_滋阴除湿汤的作用_滋阴除湿汤说明书_滋阴除湿汤的功效_中药滋阴除湿汤配方_医学百科 - 医学百科 匿名 未登录 登录 医学百科 搜索 滋阴除湿汤 来自医学百科 名字空间 页面 更多 更多 语言 页面选项 Read 查看源代码 历史 【处方】 川芎 当归 白芍 熟地 各3克 柴胡 黄芩 陈皮 知母 贝母 各2.4克 泽泻 地骨皮 甘草 各1.5克 
艾叶回阳散,https://www.yixue.com/%E8%89%BE%E5%8F%B6%E5%9B%9E%E9%98%B3%E6%95%A3,404,否,404；
白虎散,https://www.yixue.com/%E7%99%BD%E8%99%8E%E6%95%A3,200,是,白虎散_白虎散的作用_白虎散说明书_白虎散的功效_中药白虎散配方_医学百科 - 医学百科；白虎散_白虎散的作用_白虎散说明书_白虎散的功效_中药白虎散配方_医学百科 - 医学百科 匿名 未登录 登录 医学百科 搜索 白虎散 来自医学百科 名字空间 页面 更多 更多 语言 页面选项 Read 查看源代码 历史 目录 1 《圣济总录》卷一二○:白虎散 2 《惠直堂方》卷一:白虎散 3 中药方专题 3.1 按功效分类的常用方剂 3.2 中药方大全 按拼
薄荷甘桔杏子汤,https://www.yixue.com/%E8%96%84%E8%8D%B7%E7%94%98%E6%A1%94%E6%9D%8F%E5%AD%90%E6%B1%A4,200,是,薄荷甘桔杏子汤_薄荷甘桔杏子汤的作用_薄荷甘桔杏子汤说明书_薄荷甘桔杏子汤的功效_中药薄荷甘桔杏子汤配方_医学百科 - 医学百科；薄荷甘桔杏子汤_薄荷甘桔杏子汤的作用_薄荷甘桔杏子汤说明书_薄荷甘桔杏子汤的功效_中药薄荷甘桔杏子汤配方_医学百科 - 医学百科 匿名 未登录 登录 医学百科 搜索 薄荷甘桔杏子汤 来自医学百科 名字空间 页面 更多 更多 语言 页面选项 Read 查看源代码 历史 【处方】 薄荷 1钱， 甘草 5分， 桔梗 1钱5分， 杏仁 （去皮尖）3钱。 【功效与作用
赤白浊秘方,https://www.yixue.com/%E8%B5%A4%E7%99%BD%E6%B5%8A%E7%A7%98%E6%96%B9,404,否,404；
喘嗽方,https://www.yixue.com/%E5%96%98%E5%97%BD%E6%96%B9,404,否,404；
大黄汤,https://www.yixue.com/%E5%A4%A7%E9%BB%84%E6%B1%A4,200,是,大黄汤_大黄汤的作用_大黄汤说明书_大黄汤的功效_中药大黄汤配方_医学百科 - 医学百科；大黄汤_大黄汤的作用_大黄汤说明书_大黄汤的功效_中药大黄汤配方_医学百科 - 医学百科 匿名 未登录 登录 医学百科 搜索 大黄汤 来自医学百科 名字空间 页面 更多 更多 语言 页面选项 Read 查看源代码 历史 目录 1 《证治准绳.疡医》卷二:大黄汤 2 《外台秘要》卷三引《张文仲方》:大黄汤 3 《素问病机气宜保命集》卷中:大黄汤 4 《经验女科
大满方,https://www.yixue.com/%E5%A4%A7%E6%BB%A1%E6%96%B9,404,否,404；
第三方,https://www.yixue.com/%E7%AC%AC%E4%B8%89%E6%96%B9,404,否,404；
定风散,https://www.yixue.com/%E5%AE%9A%E9%A3%8E%E6%95%A3,200,是,定风散_定风散的作用_定风散说明书_定风散的功效_中药定风散配方_医学百科 - 医学百科；定风散_定风散的作用_定风散说明书_定风散的功效_中药定风散配方_医学百科 - 医学百科 匿名 未登录 登录 医学百科 搜索 定风散 来自医学百科 名字空间 页面 更多 更多 语言 页面选项 Read 查看源代码 历史 【处方】 川乌 （炮）2两， 防风 2两， 雄黄 1两。 【制法】 上为末。 【功效与作用】 破伤风 及洗头 牙槽 等风， 牙关紧急 ， 项
都气加桂汤,https://www.yixue.com/%E9%83%BD%E6%B0%94%E5%8A%A0%E6%A1%82%E6%B1%A4,200,是,都气加桂汤_都气加桂汤的作用_都气加桂汤说明书_都气加桂汤的功效_中药都气加桂汤配方_医学百科 - 医学百科；都气加桂汤_都气加桂汤的作用_都气加桂汤说明书_都气加桂汤的功效_中药都气加桂汤配方_医学百科 - 医学百科 匿名 未登录 登录 医学百科 搜索 都气加桂汤 来自医学百科 名字空间 页面 更多 更多 语言 页面选项 Read 查看源代码 历史 【处方】 熟地 8钱， 茯苓 4钱， 泽泻 4钱， 怀山药 4钱， 丹皮 2钱， 山萸肉 2钱， 五味子 9粒， 肉
独活汤,https://www.yixue.com/%E7%8B%AC%E6%B4%BB%E6%B1%A4,200,是,独活汤_独活汤的作用_独活汤说明书_独活汤的功效_中药独活汤配方_医学百科 - 医学百科；独活汤_独活汤的作用_独活汤说明书_独活汤的功效_中药独活汤配方_医学百科 - 医学百科 匿名 未登录 登录 医学百科 搜索 独活汤 来自医学百科 名字空间 页面 更多 更多 语言 页面选项 Read 查看源代码 历史 目录 1 《兰室秘藏》卷中:独活汤 2 《医心方》卷二十三引《产经》:独活汤 3 《马培之医案》:独活汤 4 《外台》卷十四引《古今录验》:
断下汤,https://www.yixue.com/%E6%96%AD%E4%B8%8B%E6%B1%A4,200,是,断下汤_断下汤的作用_断下汤说明书_断下汤的功效_中药断下汤配方_医学百科 - 医学百科；断下汤_断下汤的作用_断下汤说明书_断下汤的功效_中药断下汤配方_医学百科 - 医学百科 匿名 未登录 登录 医学百科 搜索 断下汤 来自医学百科 名字空间 页面 更多 更多 语言 页面选项 Read 查看源代码 历史 目录 1 《鸡峰普济方》卷十三:断下汤 2 《三因极一病证方论》卷十二:断下汤 3 《杨氏家藏方》卷十六:断下汤 4 《直指》卷十四:断下汤
芳香饮,https://www.yixue.com/%E8%8A%B3%E9%A6%99%E9%A5%AE,200,是,芳香饮_芳香饮的作用_芳香饮说明书_芳香饮的功效_中药芳香饮配方_医学百科 - 医学百科；芳香饮_芳香饮的作用_芳香饮说明书_芳香饮的功效_中药芳香饮配方_医学百科 - 医学百科 匿名 未登录 登录 医学百科 搜索 芳香饮 来自医学百科 名字空间 页面 更多 更多 语言 页面选项 Read 查看源代码 历史 【处方】 玄参 1两， 白茯苓 5钱， 石膏 5钱， 蝉蜕 （全）12个， 白僵蚕 （炒）3钱， 荆芥 3钱， 天花粉 3钱， 神曲 （炒）
防风秦艽汤,https://www.yixue.com/%E9%98%B2%E9%A3%8E%E7%A7%A6%E8%89%BD%E6%B1%A4,200,是,防风秦艽汤_防风秦艽汤的作用_防风秦艽汤说明书_防风秦艽汤的功效_中药防风秦艽汤配方_医学百科 - 医学百科；防风秦艽汤_防风秦艽汤的作用_防风秦艽汤说明书_防风秦艽汤的功效_中药防风秦艽汤配方_医学百科 - 医学百科 匿名 未登录 登录 医学百科 搜索 防风秦艽汤 来自医学百科 名字空间 页面 更多 更多 语言 页面选项 Read 查看源代码 历史 【处方】 防风 秦艽 当归 川芎 生地 白芍 赤茯苓 连翘 各3克 槟榔 甘草 栀子 地榆 枳壳 槐角 白芷 苍术 
敷和汤,https://www.yixue.com/%E6%95%B7%E5%92%8C%E6%B1%A4,200,是,敷和汤_敷和汤的作用_敷和汤说明书_敷和汤的功效_中药敷和汤配方_医学百科 - 医学百科；敷和汤_敷和汤的作用_敷和汤说明书_敷和汤的功效_中药敷和汤配方_医学百科 - 医学百科 匿名 未登录 登录 医学百科 搜索 敷和汤 来自医学百科 名字空间 页面 更多 更多 语言 页面选项 Read 查看源代码 历史 【处方】 半夏 （汤洗）半两，枣子半两， 五味子 半两， 枳实 （麸炒）半两， 茯苓 半两， 诃子 （炮， 去核 ）半两， 干姜 （炮）半两
服蛮煎,https://www.yixue.com/%E6%9C%8D%E8%9B%AE%E7%85%8E,200,是,服蛮煎_服蛮煎的作用_服蛮煎说明书_服蛮煎的功效_中药服蛮煎配方_医学百科 - 医学百科；服蛮煎_服蛮煎的作用_服蛮煎说明书_服蛮煎的功效_中药服蛮煎配方_医学百科 - 医学百科 匿名 未登录 登录 医学百科 搜索 服蛮煎 来自医学百科 名字空间 页面 更多 更多 语言 页面选项 Read 查看源代码 历史 【处方】 生地 麦门冬 芍药 石菖蒲 石斛 川 丹皮 （极香者） 茯神 各6克 陈皮 3克 木通 知母 各4.5克 【功效与作用】 清心 滋
附托里消毒散,https://www.yixue.com/%E9%99%84%E6%89%98%E9%87%8C%E6%B6%88%E6%AF%92%E6%95%A3,404,否,404；
关格方,https://www.yixue.com/%E5%85%B3%E6%A0%BC%E6%96%B9,404,否,404；
过劳方,https://www.yixue.com/%E8%BF%87%E5%8A%B3%E6%96%B9,404,否,404；
还少丹,https://www.yixue.com/%E8%BF%98%E5%B0%91%E4%B8%B9,200,是,还少丹 - 医学百科；还少丹 - 医学百科 匿名 未登录 登录 医学百科 搜索 还少丹 来自医学百科 名字空间 页面 更多 更多 语言 页面选项 Read 查看源代码 历史 《洪氏集验方》卷一。 目录 1 异名 2 组成 3 用法 4 功用 5 主治 异名 还少丸 (《杨氏家藏方》卷九)、 滋阴 大补丸 (《医学正传》卷三)。 组成 干山药 牛膝 (酒浸一宿，焙干)各45克 山茱
寒吐方,https://www.yixue.com/%E5%AF%92%E5%90%90%E6%96%B9,404,否,404；
黑附丸,https://www.yixue.com/%E9%BB%91%E9%99%84%E4%B8%B8,200,是,黑附丸_黑附丸的作用_黑附丸说明书_黑附丸的功效_中药黑附丸配方_医学百科 - 医学百科；黑附丸_黑附丸的作用_黑附丸说明书_黑附丸的功效_中药黑附丸配方_医学百科 - 医学百科 匿名 未登录 登录 医学百科 搜索 黑附丸 来自医学百科 名字空间 页面 更多 更多 语言 页面选项 Read 查看源代码 历史 目录 1 《三因》卷三:黑附丸 2 《得效》卷十九:黑附丸 3 中药方专题 3.1 按功效分类的常用方剂 3.2 中药方大全 按拼音查询 3
化毒丸六十六,https://www.yixue.com/%E5%8C%96%E6%AF%92%E4%B8%B8%E5%85%AD%E5%8D%81%E5%85%AD,404,否,404；
黄饮子,https://www.yixue.com/%E9%BB%84%E9%A5%AE%E5%AD%90,404,否,404；
混元胎丹,https://www.yixue.com/%E6%B7%B7%E5%85%83%E8%83%8E%E4%B8%B9,200,是,混元胎丹_混元胎丹的作用_混元胎丹说明书_混元胎丹的功效_中药混元胎丹配方_医学百科 - 医学百科；混元胎丹_混元胎丹的作用_混元胎丹说明书_混元胎丹的功效_中药混元胎丹配方_医学百科 - 医学百科 匿名 未登录 登录 医学百科 搜索 混元胎丹 来自医学百科 名字空间 页面 更多 更多 语言 页面选项 Read 查看源代码 历史 【处方】 首 儿衣 （二八月者不用，收时连带中元血。用长流水净洗，控干，入瓷瓶中，下无灰酒3大盏，脑子、 麝香 随力下之，多至1
加味羚角散,https://www.yixue.com/%E5%8A%A0%E5%91%B3%E7%BE%9A%E8%A7%92%E6%95%A3,404,否,404；
椒红丸,https://www.yixue.com/%E6%A4%92%E7%BA%A2%E4%B8%B8,200,是,椒红丸_椒红丸的作用_椒红丸说明书_椒红丸的功效_中药椒红丸配方_医学百科 - 医学百科；椒红丸_椒红丸的作用_椒红丸说明书_椒红丸的功效_中药椒红丸配方_医学百科 - 医学百科 匿名 未登录 登录 医学百科 搜索 椒红丸 来自医学百科 名字空间 页面 更多 更多 语言 页面选项 Read 查看源代码 历史 目录 1 《圣惠》卷九十八:椒红丸 2 《普济方》卷二二四引《医学切问》:椒红丸 3 《永类钤方》卷十一:椒红丸 4 《圣惠》卷九十八:椒红
截恶眼立效方,https://www.yixue.com/%E6%88%AA%E6%81%B6%E7%9C%BC%E7%AB%8B%E6%95%88%E6%96%B9,404,否,404；
开郁流气散,https://www.yixue.com/%E5%BC%80%E9%83%81%E6%B5%81%E6%B0%94%E6%95%A3,200,是,开郁流气散_开郁流气散的作用_开郁流气散说明书_开郁流气散的功效_中药开郁流气散配方_医学百科 - 医学百科；开郁流气散_开郁流气散的作用_开郁流气散说明书_开郁流气散的功效_中药开郁流气散配方_医学百科 - 医学百科 匿名 未登录 登录 医学百科 搜索 开郁流气散 来自医学百科 名字空间 页面 更多 更多 语言 页面选项 Read 查看源代码 历史 【处方】 槐花 3钱（炒）， 远志 3钱。 【制法】 上为末。 【功效与作用】 乳硬如石。 【用法用量】 每日陈酒 
两背忽生疮成痈阳症易治用三星汤,https://www.yixue.com/%E4%B8%A4%E8%83%8C%E5%BF%BD%E7%94%9F%E7%96%AE%E6%88%90%E7%97%88%E9%98%B3%E7%97%87%E6%98%93%E6%B2%BB%E7%94%A8%E4%B8%89%E6%98%9F%E6%B1%A4,404,否,404；
六神散,https://www.yixue.com/%E5%85%AD%E7%A5%9E%E6%95%A3,200,是,六神散 - 医学百科；六神散 - 医学百科 匿名 未登录 登录 医学百科 搜索 六神散 来自医学百科 名字空间 页面 更多 更多 语言 页面选项 Read 查看源代码 历史 六神散 【处方】 川芎 、 防风 （去叉）、 甘草 （炙）、 羌活 ，各一两； 荆芥穗 、鸡苏，各一两半。 【制法】上为细末。 【功能与主治】治 风眩 烦闷，头目晕转不止。 【用法与用量】每服一钱，不拘时米饮
六郁汤,https://www.yixue.com/%E5%85%AD%E9%83%81%E6%B1%A4,200,是,六郁汤_六郁汤的作用_六郁汤说明书_六郁汤的功效_中药六郁汤配方_医学百科 - 医学百科；六郁汤_六郁汤的作用_六郁汤说明书_六郁汤的功效_中药六郁汤配方_医学百科 - 医学百科 匿名 未登录 登录 医学百科 搜索 六郁汤 来自医学百科 名字空间 页面 更多 更多 语言 页面选项 Read 查看源代码 历史 目录 1 《医学正传》卷二:六郁汤 2 《古今医鉴》卷四:六郁汤 3 《医学集成》卷一:六郁汤 4 《医学正传》卷二引丹溪方:六郁汤 5 中
马脾风方,https://www.yixue.com/%E9%A9%AC%E8%84%BE%E9%A3%8E%E6%96%B9,404,否,404；
免怀汤,https://www.yixue.com/%E5%85%8D%E6%80%80%E6%B1%A4,404,否,404；
倪氏痢疾第一方,https://www.yixue.com/%E5%80%AA%E6%B0%8F%E7%97%A2%E7%96%BE%E7%AC%AC%E4%B8%80%E6%96%B9,404,否,404；
排脓散,https://www.yixue.com/%E6%8E%92%E8%84%93%E6%95%A3,200,是,排脓散_排脓散的作用_排脓散说明书_排脓散的功效_中药排脓散配方_医学百科 - 医学百科；排脓散_排脓散的作用_排脓散说明书_排脓散的功效_中药排脓散配方_医学百科 - 医学百科 匿名 未登录 登录 医学百科 搜索 排脓散 来自医学百科 名字空间 页面 更多 更多 语言 页面选项 Read 查看源代码 历史 目录 1 《外科发挥》卷四:排脓散 2 《外科正宗》卷三:排脓散 3 《杂病源流犀烛》卷一:排脓散 4 中药方专题 4.1 按功效分类的常用
泼火散,https://www.yixue.com/%E6%B3%BC%E7%81%AB%E6%95%A3,200,是,泼火散_泼火散的作用_泼火散说明书_泼火散的功效_中药泼火散配方_医学百科 - 医学百科；泼火散_泼火散的作用_泼火散说明书_泼火散的功效_中药泼火散配方_医学百科 - 医学百科 匿名 未登录 登录 医学百科 搜索 泼火散 来自医学百科 名字空间 页面 更多 更多 语言 页面选项 Read 查看源代码 历史 目录 1 明.方贤着《奇效良方》:泼火散 2 《杨氏家藏方》卷三:泼火散 3 中药方专题 3.1 按功效分类的常用方剂 3.2 中药方大全 
破棺丹,https://www.yixue.com/%E7%A0%B4%E6%A3%BA%E4%B8%B9,200,是,破棺丹_破棺丹的作用_破棺丹说明书_破棺丹的功效_中药破棺丹配方_医学百科 - 医学百科；破棺丹_破棺丹的作用_破棺丹说明书_破棺丹的功效_中药破棺丹配方_医学百科 - 医学百科 匿名 未登录 登录 医学百科 搜索 破棺丹 来自医学百科 名字空间 页面 更多 更多 语言 页面选项 Read 查看源代码 历史 【处方】 大黄60克（半生半熟） 芒消 甘草 各30克 【制法】 上药为末，炼 蜜丸 ，如弹子大。 【功效与作用】 治疮肿，一切 风热 。 
破伤风方,https://www.yixue.com/%E7%A0%B4%E4%BC%A4%E9%A3%8E%E6%96%B9,404,否,404；
朴黄汤,https://www.yixue.com/%E6%9C%B4%E9%BB%84%E6%B1%A4,404,否,404；
七磨散,https://www.yixue.com/%E4%B8%83%E7%A3%A8%E6%95%A3,404,否,404；
骑马痈方,https://www.yixue.com/%E9%AA%91%E9%A9%AC%E7%97%88%E6%96%B9,404,否,404；
千金保孕丸,https://www.yixue.com/%E5%8D%83%E9%87%91%E4%BF%9D%E5%AD%95%E4%B8%B8,404,否,404；
前胡汤,https://www.yixue.com/%E5%89%8D%E8%83%A1%E6%B1%A4,404,否,404；
羌活散,https://www.yixue.com/%E7%BE%8C%E6%B4%BB%E6%95%A3,200,是,羌活散_羌活散的作用_羌活散说明书_羌活散的功效_中药羌活散配方_医学百科 - 医学百科；羌活散_羌活散的作用_羌活散说明书_羌活散的功效_中药羌活散配方_医学百科 - 医学百科 匿名 未登录 登录 医学百科 搜索 羌活散 来自医学百科 名字空间 页面 更多 更多 语言 页面选项 Read 查看源代码 历史 目录 1 明.方贤着《奇效良方》:羌活散 2 明.方贤着《奇效良方》:羌活散 3 《宋.太平惠民和剂局方》:羌活散 4 《苏沈良方》卷五引《
秦桂丸,https://www.yixue.com/%E7%A7%A6%E6%A1%82%E4%B8%B8,200,是,秦桂丸_秦桂丸的作用_秦桂丸说明书_秦桂丸的功效_中药秦桂丸配方_医学百科 - 医学百科；秦桂丸_秦桂丸的作用_秦桂丸说明书_秦桂丸的功效_中药秦桂丸配方_医学百科 - 医学百科 匿名 未登录 登录 医学百科 搜索 秦桂丸 来自医学百科 名字空间 页面 更多 更多 语言 页面选项 Read 查看源代码 历史 【处方】 秦艽 桂心 杜仲 防风 厚朴 各22克 附子 （生） 白茯苓 各45克 白薇 干姜 沙参 牛膝 半夏 各15克 人参 30克 细辛
取填饮,https://www.yixue.com/%E5%8F%96%E5%A1%AB%E9%A5%AE,404,否,404；
人参补气汤,https://www.yixue.com/%E4%BA%BA%E5%8F%82%E8%A1%A5%E6%B0%94%E6%B1%A4,404,否,404；
人参大温中丸,https://www.yixue.com/%E4%BA%BA%E5%8F%82%E5%A4%A7%E6%B8%A9%E4%B8%AD%E4%B8%B8,404,否,404；
人马平安散,https://www.yixue.com/%E4%BA%BA%E9%A9%AC%E5%B9%B3%E5%AE%89%E6%95%A3,200,是,人马平安散_人马平安散的作用_人马平安散说明书_人马平安散的功效_中药人马平安散配方_医学百科 - 医学百科；人马平安散_人马平安散的作用_人马平安散说明书_人马平安散的功效_中药人马平安散配方_医学百科 - 医学百科 匿名 未登录 登录 医学百科 搜索 人马平安散 来自医学百科 名字空间 页面 更多 更多 语言 页面选项 Read 查看源代码 历史 【处方】 朱砂 21克 雄黄 4.5克 月石0.6克 梅片 台麝各0.9克 蟾酥 1.2克 【制法】 上药共研极细面
日重夜轻方,https://www.yixue.com/%E6%97%A5%E9%87%8D%E5%A4%9C%E8%BD%BB%E6%96%B9,404,否,404；
散血散,https://www.yixue.com/%E6%95%A3%E8%A1%80%E6%95%A3,404,否,404；
疝气肿痛方,https://www.yixue.com/%E7%96%9D%E6%B0%94%E8%82%BF%E7%97%9B%E6%96%B9,404,否,404；
射干鼠粘子汤,https://www.yixue.com/%E5%B0%84%E5%B9%B2%E9%BC%A0%E7%B2%98%E5%AD%90%E6%B1%A4,200,是,射干鼠粘子汤_射干鼠粘子汤的作用_射干鼠粘子汤说明书_射干鼠粘子汤的功效_中药射干鼠粘子汤配方_医学百科 - 医学百科；射干鼠粘子汤_射干鼠粘子汤的作用_射干鼠粘子汤说明书_射干鼠粘子汤的功效_中药射干鼠粘子汤配方_医学百科 - 医学百科 匿名 未登录 登录 医学百科 搜索 射干鼠粘子汤 来自医学百科 名字空间 页面 更多 更多 语言 页面选项 Read 查看源代码 历史 【处方】 鼠粘子 120克（炒，杵） 甘草 （炙） 升麻 射干 各30克 【制法】 上为粗散。 【功效与
神功托里散,https://www.yixue.com/%E7%A5%9E%E5%8A%9F%E6%89%98%E9%87%8C%E6%95%A3,404,否,404；
神异温风丹,https://www.yixue.com/%E7%A5%9E%E5%BC%82%E6%B8%A9%E9%A3%8E%E4%B8%B9,404,否,404；
神应乳香丸,https://www.yixue.com/%E7%A5%9E%E5%BA%94%E4%B9%B3%E9%A6%99%E4%B8%B8,404,否,404；
肾肝同补汤,https://www.yixue.com/%E8%82%BE%E8%82%9D%E5%90%8C%E8%A1%A5%E6%B1%A4,404,否,404；
升阳除湿防风汤,https://www.yixue.com/%E5%8D%87%E9%98%B3%E9%99%A4%E6%B9%BF%E9%98%B2%E9%A3%8E%E6%B1%A4,404,否,404；
生姜泻心汤,https://www.yixue.com/%E7%94%9F%E5%A7%9C%E6%B3%BB%E5%BF%83%E6%B1%A4,200,是,生姜泻心汤 - 医学百科；生姜泻心汤 - 医学百科 匿名 未登录 登录 医学百科 搜索 生姜泻心汤 来自医学百科 名字空间 页面 更多 更多 语言 页面选项 Read 查看源代码 历史 【处方】 生姜 、 黄芩 、 人参 （去芦）、 干姜 （炮），各二钱； 半夏 、 黄连 、 大枣 （三枚） 【功能与主治】治 伤寒 汗出后，胃中不和， 心下痞硬 ， 噫气 臭，胁下有水气， 腹中雷鸣 
实喘方,https://www.yixue.com/%E5%AE%9E%E5%96%98%E6%96%B9,404,否,404；
四妙汤,https://www.yixue.com/%E5%9B%9B%E5%A6%99%E6%B1%A4,200,是,四妙汤_四妙汤的作用_四妙汤说明书_四妙汤的功效_中药四妙汤配方_医学百科 - 医学百科；四妙汤_四妙汤的作用_四妙汤说明书_四妙汤的功效_中药四妙汤配方_医学百科 - 医学百科 匿名 未登录 登录 医学百科 搜索 四妙汤 来自医学百科 名字空间 页面 更多 更多 语言 页面选项 Read 查看源代码 历史 【处方】 紫草 升麻 糯米 各30克 甘草 （生）7.5克 【制法】 上四味，粗捣筛。 【功效与作用】 治小儿麸豆疮欲出，浑身 壮热 ，情绪
四物汤加黄芩黄柏槐花方,https://www.yixue.com/%E5%9B%9B%E7%89%A9%E6%B1%A4%E5%8A%A0%E9%BB%84%E8%8A%A9%E9%BB%84%E6%9F%8F%E6%A7%90%E8%8A%B1%E6%96%B9,404,否,404；
锁喉风仙方,https://www.yixue.com/%E9%94%81%E5%96%89%E9%A3%8E%E4%BB%99%E6%96%B9,404,否,404；
太无神术散,https://www.yixue.com/%E5%A4%AA%E6%97%A0%E7%A5%9E%E6%9C%AF%E6%95%A3,404,否,404；
菟丝煎,https://www.yixue.com/%E8%8F%9F%E4%B8%9D%E7%85%8E,200,是,菟丝煎_菟丝煎的作用_菟丝煎说明书_菟丝煎的功效_中药菟丝煎配方_医学百科 - 医学百科；菟丝煎_菟丝煎的作用_菟丝煎说明书_菟丝煎的功效_中药菟丝煎配方_医学百科 - 医学百科 匿名 未登录 登录 医学百科 搜索 菟丝煎 来自医学百科 名字空间 页面 更多 更多 语言 页面选项 Read 查看源代码 历史 【处方】 人参 6～9克 山药（炒）6克 当归 4.5克 菟丝子 （制，炒）12～15克 枣仁（炒） 茯苓 各4.5克 炙甘草 2～3克 远
卫生汤,https://www.yixue.com/%E5%8D%AB%E7%94%9F%E6%B1%A4,200,是,卫生汤_卫生汤的作用_卫生汤说明书_卫生汤的功效_中药卫生汤配方_医学百科 - 医学百科；卫生汤_卫生汤的作用_卫生汤说明书_卫生汤的功效_中药卫生汤配方_医学百科 - 医学百科 匿名 未登录 登录 医学百科 搜索 卫生汤 来自医学百科 名字空间 页面 更多 更多 语言 页面选项 Read 查看源代码 历史 【处方】 白芷 连翘 花粉 各2.4克 荆芥 甘草节 牛蒡子 各3克 防风 乳香 没药各1.5克 银花 6克 贝母 归尾 各4.5克 【功效
无名肿毒方,https://www.yixue.com/%E6%97%A0%E5%90%8D%E8%82%BF%E6%AF%92%E6%96%B9,404,否,404；
小儿痢疾方,https://www.yixue.com/%E5%B0%8F%E5%84%BF%E7%97%A2%E7%96%BE%E6%96%B9,404,否,404；
行经腹痛方,https://www.yixue.com/%E8%A1%8C%E7%BB%8F%E8%85%B9%E7%97%9B%E6%96%B9,404,否,404；
血崩方,https://www.yixue.com/%E8%A1%80%E5%B4%A9%E6%96%B9,404,否,404；
延嗣酒,https://www.yixue.com/%E5%BB%B6%E5%97%A3%E9%85%92,404,否,404；
咽肿喉闭外治方,https://www.yixue.com/%E5%92%BD%E8%82%BF%E5%96%89%E9%97%AD%E5%A4%96%E6%B2%BB%E6%96%B9,404,否,404；
阳痿不举方,https://www.yixue.com/%E9%98%B3%E7%97%BF%E4%B8%8D%E4%B8%BE%E6%96%B9,404,否,404；
益母膏,https://www.yixue.com/%E7%9B%8A%E6%AF%8D%E8%86%8F,200,是,益母膏_益母膏的作用_益母膏说明书_益母膏的功效_中药益母膏配方_医学百科 - 医学百科；益母膏_益母膏的作用_益母膏说明书_益母膏的功效_中药益母膏配方_医学百科 - 医学百科 匿名 未登录 登录 医学百科 搜索 益母膏 来自医学百科 名字空间 页面 更多 更多 语言 页面选项 Read 查看源代码 历史 【别名】 益母草膏 （《 赤水玄珠 》卷二十）、 还魂丹 （《 惠直堂经验方 》） 【处方】 益母草 （端午日或小暑日俱可收采） 【制法】 
薏苡仁附子败酱散,https://www.yixue.com/%E8%96%8F%E8%8B%A1%E4%BB%81%E9%99%84%E5%AD%90%E8%B4%A5%E9%85%B1%E6%95%A3,404,否,404；
茵陈四逆汤,https://www.yixue.com/%E8%8C%B5%E9%99%88%E5%9B%9B%E9%80%86%E6%B1%A4,200,是,茵陈四逆汤 - 医学百科；茵陈四逆汤 - 医学百科 匿名 未登录 登录 医学百科 搜索 茵陈四逆汤 来自医学百科 名字空间 页面 更多 更多 语言 页面选项 Read 查看源代码 历史 【来源】《 卫生宝 鉴.补遗>。 【 异名 】 茵陈 附子 干姜 甘草 汤(《医门法律》卷六)，茵陈姜附汤(《类证治裁》卷四)。 【组成】干姜45克 甘草(炙)60克 附子(炮)1枚(去皮，破8片) 
营卫保和丸一,https://www.yixue.com/%E8%90%A5%E5%8D%AB%E4%BF%9D%E5%92%8C%E4%B8%B8%E4%B8%80,404,否,404；
增补大保红药丹,https://www.yixue.com/%E5%A2%9E%E8%A1%A5%E5%A4%A7%E4%BF%9D%E7%BA%A2%E8%8D%AF%E4%B8%B9,404,否,404；
真人活命饮,https://www.yixue.com/%E7%9C%9F%E4%BA%BA%E6%B4%BB%E5%91%BD%E9%A5%AE,404,否,404；
镇神丹,https://www.yixue.com/%E9%95%87%E7%A5%9E%E4%B8%B9,404,否,404；
栀子甘草豉汤,https://www.yixue.com/%E6%A0%80%E5%AD%90%E7%94%98%E8%8D%89%E8%B1%89%E6%B1%A4,200,是,栀子甘草豉汤 - 医学百科；栀子甘草豉汤 - 医学百科 匿名 未登录 登录 医学百科 搜索 栀子甘草豉汤 来自医学百科 名字空间 页面 更多 更多 语言 页面选项 Read 查看源代码 历史 栀子甘草豉汤 【来源】《 伤寒论 》。 【组成】 栀子 9克(劈) 甘草 6克(炙) 香鼓4克(绵裹) 【用法】以水400毫升，先煮栀子甘草，取200毫升，纳豉，煮取150毫升，去滓，分服，温进一
止吐方,https://www.yixue.com/%E6%AD%A2%E5%90%90%E6%96%B9,404,否,404；
枳壳丸,https://www.yixue.com/%E6%9E%B3%E5%A3%B3%E4%B8%B8,200,是,枳壳丸_枳壳丸的作用_枳壳丸说明书_枳壳丸的功效_中药枳壳丸配方_医学百科 - 医学百科；枳壳丸_枳壳丸的作用_枳壳丸说明书_枳壳丸的功效_中药枳壳丸配方_医学百科 - 医学百科 匿名 未登录 登录 医学百科 搜索 枳壳丸 来自医学百科 名字空间 页面 更多 更多 语言 页面选项 Read 查看源代码 历史 目录 1 《重订严氏济生方》:枳壳丸 2 《卫生宝鉴》卷四:枳壳丸 3 中药方专题 3.1 按功效分类的常用方剂 3.2 中药方大全 按拼音
制火润尻散,https://www.yixue.com/%E5%88%B6%E7%81%AB%E6%B6%A6%E5%B0%BB%E6%95%A3,404,否,404；
治伤寒、温病劳复食复方,https://www.yixue.com/%E6%B2%BB%E4%BC%A4%E5%AF%92%E3%80%81%E6%B8%A9%E7%97%85%E5%8A%B3%E5%A4%8D%E9%A3%9F%E5%A4%8D%E6%96%B9,404,否,404；
治瞳人散大方,https://www.yixue.com/%E6%B2%BB%E7%9E%B3%E4%BA%BA%E6%95%A3%E5%A4%A7%E6%96%B9,404,否,404；
治小儿口疳流水口烂神方,https://www.yixue.com/%E6%B2%BB%E5%B0%8F%E5%84%BF%E5%8F%A3%E7%96%B3%E6%B5%81%E6%B0%B4%E5%8F%A3%E7%83%82%E7%A5%9E%E6%96%B9,404,否,404；
治小儿疟疾方,https://www.yixue.com/%E6%B2%BB%E5%B0%8F%E5%84%BF%E7%96%9F%E7%96%BE%E6%96%B9,404,否,404；
治胁痛方,https://www.yixue.com/%E6%B2%BB%E8%83%81%E7%97%9B%E6%96%B9,404,否,404；
治胸腹胀满方,https://www.yixue.com/%E6%B2%BB%E8%83%B8%E8%85%B9%E8%83%80%E6%BB%A1%E6%96%B9,404,否,404；
治虚症大便不通方,https://www.yixue.com/%E6%B2%BB%E8%99%9A%E7%97%87%E5%A4%A7%E4%BE%BF%E4%B8%8D%E9%80%9A%E6%96%B9,404,否,404；
治迎风下泪方,https://www.yixue.com/%E6%B2%BB%E8%BF%8E%E9%A3%8E%E4%B8%8B%E6%B3%AA%E6%96%B9,404,否,404；
治痈疽方,https://www.yixue.com/%E6%B2%BB%E7%97%88%E7%96%BD%E6%96%B9,404,否,404；
治诸痛方,https://www.yixue.com/%E6%B2%BB%E8%AF%B8%E7%97%9B%E6%96%B9,404,否,404；
中风方,https://www.yixue.com/%E4%B8%AD%E9%A3%8E%E6%96%B9,404,否,404；
猪脊汤,https://www.yixue.com/%E7%8C%AA%E8%84%8A%E6%B1%A4,404,否,404；
紫霞丹,https://www.yixue.com/%E7%B4%AB%E9%9C%9E%E4%B8%B9,200,是,紫霞丹_紫霞丹的作用_紫霞丹说明书_紫霞丹的功效_中药紫霞丹配方_医学百科 - 医学百科；紫霞丹_紫霞丹的作用_紫霞丹说明书_紫霞丹的功效_中药紫霞丹配方_医学百科 - 医学百科 匿名 未登录 登录 医学百科 搜索 紫霞丹 来自医学百科 名字空间 页面 更多 更多 语言 页面选项 Read 查看源代码 历史 【处方】 硫黄 针砂 各120克 五倍子 60克 【制法】 上药于砂锅内加水煮一时，放冷，先拣去五倍子，次淘 去针 砂，最后将硫黄以皮纸于灰
拔疔除根方,https://www.yixue.com/%E6%8B%94%E7%96%94%E9%99%A4%E6%A0%B9%E6%96%B9,200,是,拔疔除根方_拔疔除根方的作用_拔疔除根方说明书_拔疔除根方的功效_中药拔疔除根方配方_医学百科 - 医学百科；拔疔除根方_拔疔除根方的作用_拔疔除根方说明书_拔疔除根方的功效_中药拔疔除根方配方_医学百科 - 医学百科 匿名 未登录 登录 医学百科 搜索 拔疔除根方 来自医学百科 名字空间 页面 更多 更多 语言 页面选项 Read 查看源代码 历史 【处方】 鲥鱼 靥（用手刮下，不可见水，阴干，收贮）。 【功效与作用】 疔疮 。 【用法用量】 用时以 银针 拨开疔
百子附归丸,https://www.yixue.com/%E7%99%BE%E5%AD%90%E9%99%84%E5%BD%92%E4%B8%B8,200,是,百子附归丸_百子附归丸的作用_百子附归丸说明书_百子附归丸的功效_中药百子附归丸配方_医学百科 - 医学百科；百子附归丸_百子附归丸的作用_百子附归丸说明书_百子附归丸的功效_中药百子附归丸配方_医学百科 - 医学百科 匿名 未登录 登录 医学百科 搜索 百子附归丸 来自医学百科 名字空间 页面 更多 更多 语言 页面选项 Read 查看源代码 历史 【别名】 滋血 暖宫丸 、 百子建中丸 、百子 归附丸 【处方】 真 阿胶 （蛤粉炒成珠）2两，蕲 艾叶 （去筋梗，
斑龙丸,https://www.yixue.com/%E6%96%91%E9%BE%99%E4%B8%B8,200,是,斑龙丸_斑龙丸的作用_斑龙丸说明书_斑龙丸的功效_中药斑龙丸配方_医学百科 - 医学百科；斑龙丸_斑龙丸的作用_斑龙丸说明书_斑龙丸的功效_中药斑龙丸配方_医学百科 - 医学百科 匿名 未登录 登录 医学百科 搜索 斑龙丸 来自医学百科 名字空间 页面 更多 更多 语言 页面选项 Read 查看源代码 历史 目录 1 《医学正传》卷三:斑龙丸 2 《文堂集验方》卷三:斑龙丸 3 《医学正传》卷三引《青囊集方》:斑龙丸 4 《百》卷四:斑龙丸 5 
保安煎,https://www.yixue.com/%E4%BF%9D%E5%AE%89%E7%85%8E,404,否,404；
苍术白虎汤,https://www.yixue.com/%E8%8B%8D%E6%9C%AF%E7%99%BD%E8%99%8E%E6%B1%A4,200,是,苍术白虎汤_苍术白虎汤的作用_苍术白虎汤说明书_苍术白虎汤的功效_中药苍术白虎汤配方_医学百科 - 医学百科；苍术白虎汤_苍术白虎汤的作用_苍术白虎汤说明书_苍术白虎汤的功效_中药苍术白虎汤配方_医学百科 - 医学百科 匿名 未登录 登录 医学百科 搜索 苍术白虎汤 来自医学百科 名字空间 页面 更多 更多 语言 页面选项 Read 查看源代码 历史 【处方】 人参 白虎汤 加 苍术 1钱。 【功效与作用】 平生素虚及老人 伤暑 壮热 、汗多不止。 【用法用量】 水
柴胡梅连散,https://www.yixue.com/%E6%9F%B4%E8%83%A1%E6%A2%85%E8%BF%9E%E6%95%A3,200,是,柴胡梅连散_柴胡梅连散的作用_柴胡梅连散说明书_柴胡梅连散的功效_中药柴胡梅连散配方_医学百科 - 医学百科；柴胡梅连散_柴胡梅连散的作用_柴胡梅连散说明书_柴胡梅连散的功效_中药柴胡梅连散配方_医学百科 - 医学百科 匿名 未登录 登录 医学百科 搜索 柴胡梅连散 来自医学百科 名字空间 页面 更多 更多 语言 页面选项 Read 查看源代码 历史 【处方】 柴胡 人参 黄芩 甘草 胡黄连 当归 芍药 各15克 【制法】 上药研为末。 【功效与作用】 主 骨蒸劳 
大小肠痈极验方,https://www.yixue.com/%E5%A4%A7%E5%B0%8F%E8%82%A0%E7%97%88%E6%9E%81%E9%AA%8C%E6%96%B9,404,否,404；
调经方,https://www.yixue.com/%E8%B0%83%E7%BB%8F%E6%96%B9,404,否,404；
丁香柿蒂竹茹汤,https://www.yixue.com/%E4%B8%81%E9%A6%99%E6%9F%BF%E8%92%82%E7%AB%B9%E8%8C%B9%E6%B1%A4,200,是,丁香柿蒂竹茹汤_丁香柿蒂竹茹汤的作用_丁香柿蒂竹茹汤说明书_丁香柿蒂竹茹汤的功效_中药丁香柿蒂竹茹汤配方_医学百科 - 医学百科；丁香柿蒂竹茹汤_丁香柿蒂竹茹汤的作用_丁香柿蒂竹茹汤说明书_丁香柿蒂竹茹汤的功效_中药丁香柿蒂竹茹汤配方_医学百科 - 医学百科 匿名 未登录 登录 医学百科 搜索 丁香柿蒂竹茹汤 来自医学百科 名字空间 页面 更多 更多 语言 页面选项 Read 查看源代码 历史 【别名】 丁香柿蒂汤 【处方】 丁香 3粒， 柿蒂 3钱， 竹茹 3钱， 陈皮 1钱。 【功
肚腹水泻方,https://www.yixue.com/%E8%82%9A%E8%85%B9%E6%B0%B4%E6%B3%BB%E6%96%B9,404,否,404；
飞虎散,https://www.yixue.com/%E9%A3%9E%E8%99%8E%E6%95%A3,200,是,飞虎散_飞虎散的作用_飞虎散说明书_飞虎散的功效_中药飞虎散配方_医学百科 - 医学百科；飞虎散_飞虎散的作用_飞虎散说明书_飞虎散的功效_中药飞虎散配方_医学百科 - 医学百科 匿名 未登录 登录 医学百科 搜索 飞虎散 来自医学百科 名字空间 页面 更多 更多 语言 页面选项 Read 查看源代码 历史 目录 1 《医方类聚》卷八十二引《瑞竹堂经验方》:飞虎散 2 《瑞竹堂方》引郑参政方（见《医方类聚》卷八十二）:飞虎散 3 中药方专题 3.
福神丹,https://www.yixue.com/%E7%A6%8F%E7%A5%9E%E4%B8%B9,200,是,福神丹_福神丹的作用_福神丹说明书_福神丹的功效_中药福神丹配方_医学百科 - 医学百科；福神丹_福神丹的作用_福神丹说明书_福神丹的功效_中药福神丹配方_医学百科 - 医学百科 匿名 未登录 登录 医学百科 搜索 福神丹 来自医学百科 名字空间 页面 更多 更多 语言 页面选项 Read 查看源代码 历史 【处方】 诃子 4个（炮）， 巴戟 （炒）半两， 黑牵牛 （生）半两， 甘草 3钱（生）， 赤小豆 49粒（生）。 【制法】 上为末，面糊为
甘露散,https://www.yixue.com/%E7%94%98%E9%9C%B2%E6%95%A3,200,是,甘露散_甘露散的作用_甘露散说明书_甘露散的功效_中药甘露散配方_医学百科 - 医学百科；甘露散_甘露散的作用_甘露散说明书_甘露散的功效_中药甘露散配方_医学百科 - 医学百科 匿名 未登录 登录 医学百科 搜索 甘露散 来自医学百科 名字空间 页面 更多 更多 语言 页面选项 Read 查看源代码 历史 目录 1 《全国中药成药处方集》（沈阳方）:甘露散 2 《圣济总录》卷三十四:甘露散 3 《圣惠》卷四:甘露散 4 《卫生总微》卷三:甘露散
甘遂半夏汤,https://www.yixue.com/%E7%94%98%E9%81%82%E5%8D%8A%E5%A4%8F%E6%B1%A4,200,是,甘遂半夏汤_甘遂半夏汤的作用_甘遂半夏汤说明书_甘遂半夏汤的功效_中药甘遂半夏汤配方_医学百科 - 医学百科；甘遂半夏汤_甘遂半夏汤的作用_甘遂半夏汤说明书_甘遂半夏汤的功效_中药甘遂半夏汤配方_医学百科 - 医学百科 匿名 未登录 登录 医学百科 搜索 甘遂半夏汤 来自医学百科 名字空间 页面 更多 更多 语言 页面选项 Read 查看源代码 历史 目录 1 《金匮要略》卷中:甘遂半夏汤 2 《金匮》卷中:甘遂半夏汤 3 中药方专题 3.1 按功效分类的常用方剂 
膏药方,https://www.yixue.com/%E8%86%8F%E8%8D%AF%E6%96%B9,404,否,404；
钩藤饮十,https://www.yixue.com/%E9%92%A9%E8%97%A4%E9%A5%AE%E5%8D%81,404,否,404；
固元饮,https://www.yixue.com/%E5%9B%BA%E5%85%83%E9%A5%AE,200,是,固元饮_固元饮的作用_固元饮说明书_固元饮的功效_中药固元饮配方_医学百科 - 医学百科；固元饮_固元饮的作用_固元饮说明书_固元饮的功效_中药固元饮配方_医学百科 - 医学百科 匿名 未登录 登录 医学百科 搜索 固元饮 来自医学百科 名字空间 页面 更多 更多 语言 页面选项 Read 查看源代码 历史 【处方】 大生地 4钱， 川芎 6分，归身2钱， 川续断 2钱，云苓2钱， 炒白芍 1钱5分，制 杜仲 1钱5分， 丹参 1钱5分， 焦白术
桂姜汤,https://www.yixue.com/%E6%A1%82%E5%A7%9C%E6%B1%A4,200,是,桂姜汤_桂姜汤的作用_桂姜汤说明书_桂姜汤的功效_中药桂姜汤配方_医学百科 - 医学百科；桂姜汤_桂姜汤的作用_桂姜汤说明书_桂姜汤的功效_中药桂姜汤配方_医学百科 - 医学百科 匿名 未登录 登录 医学百科 搜索 桂姜汤 来自医学百科 名字空间 页面 更多 更多 语言 页面选项 Read 查看源代码 历史 目录 1 《外科全生集》卷四:桂姜汤 2 《直指》卷十八:桂姜汤 3 中药方专题 3.1 按功效分类的常用方剂 3.2 中药方大全 按拼音查
海浮散,https://www.yixue.com/%E6%B5%B7%E6%B5%AE%E6%95%A3,200,是,海浮散_海浮散的作用_海浮散说明书_海浮散的功效_中药海浮散配方_医学百科 - 医学百科；海浮散_海浮散的作用_海浮散说明书_海浮散的功效_中药海浮散配方_医学百科 - 医学百科 匿名 未登录 登录 医学百科 搜索 海浮散 来自医学百科 名字空间 页面 更多 更多 语言 页面选项 Read 查看源代码 历史 【处方】 乳香 没药各 等分 【制法】 上药研细末。 【功效与作用】 祛腐生肌，止痛 止血 。治 疮疡 溃后，脓毒将尽， 乳癌 溃破等。 【
黄六一汤,https://www.yixue.com/%E9%BB%84%E5%85%AD%E4%B8%80%E6%B1%A4,404,否,404；
回毒即消丹,https://www.yixue.com/%E5%9B%9E%E6%AF%92%E5%8D%B3%E6%B6%88%E4%B8%B9,200,是,回毒即消丹_回毒即消丹的作用_回毒即消丹说明书_回毒即消丹的功效_中药回毒即消丹配方_医学百科 - 医学百科；回毒即消丹_回毒即消丹的作用_回毒即消丹说明书_回毒即消丹的功效_中药回毒即消丹配方_医学百科 - 医学百科 匿名 未登录 登录 医学百科 搜索 回毒即消丹 来自医学百科 名字空间 页面 更多 更多 语言 页面选项 Read 查看源代码 历史 【处方】 净 金银花 5钱， 生甘草 1钱， 人参 2钱， 黑参 3钱。 【功效与作用】 痘疹回毒。 【用法用量】 
藿香汤,https://www.yixue.com/%E8%97%BF%E9%A6%99%E6%B1%A4,200,是,藿香汤_藿香汤的作用_藿香汤说明书_藿香汤的功效_中药藿香汤配方_医学百科 - 医学百科；藿香汤_藿香汤的作用_藿香汤说明书_藿香汤的功效_中药藿香汤配方_医学百科 - 医学百科 匿名 未登录 登录 医学百科 搜索 藿香汤 来自医学百科 名字空间 页面 更多 更多 语言 页面选项 Read 查看源代码 历史 目录 1 《三因极一病证方论》卷十一:藿香汤 2 《圣济总录》卷六十七:藿香汤 3 《普济方》卷三五五:藿香汤 4 《圣济总录》卷一六三:藿
加味葛根汤,https://www.yixue.com/%E5%8A%A0%E5%91%B3%E8%91%9B%E6%A0%B9%E6%B1%A4,200,是,加味葛根汤_加味葛根汤的作用_加味葛根汤说明书_加味葛根汤的功效_中药加味葛根汤配方_医学百科 - 医学百科；加味葛根汤_加味葛根汤的作用_加味葛根汤说明书_加味葛根汤的功效_中药加味葛根汤配方_医学百科 - 医学百科 匿名 未登录 登录 医学百科 搜索 加味葛根汤 来自医学百科 名字空间 页面 更多 更多 语言 页面选项 Read 查看源代码 历史 目录 1 《医宗己任编》卷三:加味葛根汤 2 《种痘新书》卷十二:加味葛根汤 3 《片玉痘疹》卷六:加味葛根汤 4 
老人中蛇蛊方,https://www.yixue.com/%E8%80%81%E4%BA%BA%E4%B8%AD%E8%9B%87%E8%9B%8A%E6%96%B9,404,否,404；
麦门冬煎,https://www.yixue.com/%E9%BA%A6%E9%97%A8%E5%86%AC%E7%85%8E,200,是,麦门冬煎_麦门冬煎的作用_麦门冬煎说明书_麦门冬煎的功效_中药麦门冬煎配方_医学百科 - 医学百科；麦门冬煎_麦门冬煎的作用_麦门冬煎说明书_麦门冬煎的功效_中药麦门冬煎配方_医学百科 - 医学百科 匿名 未登录 登录 医学百科 搜索 麦门冬煎 来自医学百科 名字空间 页面 更多 更多 语言 页面选项 Read 查看源代码 历史 【处方】 麦门冬 （去心） 人参 黄耆 各60克 白茯苓 山茱萸 山药 桂心 各45克 黑豆 105克（煮，去皮，别研） 【制法
麦汤散,https://www.yixue.com/%E9%BA%A6%E6%B1%A4%E6%95%A3,404,否,404；
秘元煎,https://www.yixue.com/%E7%A7%98%E5%85%83%E7%85%8E,200,是,秘元煎_秘元煎的作用_秘元煎说明书_秘元煎的功效_中药秘元煎配方_医学百科 - 医学百科；秘元煎_秘元煎的作用_秘元煎说明书_秘元煎的功效_中药秘元煎配方_医学百科 - 医学百科 匿名 未登录 登录 医学百科 搜索 秘元煎 来自医学百科 名字空间 页面 更多 更多 语言 页面选项 Read 查看源代码 历史 【别名】 秘元汤 （《会约 医镜 》卷十三）。 【处方】 远志 2.4克 山药6克 芡实 6克 枣仁（炒，捣碎）6克 白术 （妙） 茯苓 各
牛膝汤,https://www.yixue.com/%E7%89%9B%E8%86%9D%E6%B1%A4,200,是,牛膝汤_牛膝汤的作用_牛膝汤说明书_牛膝汤的功效_中药牛膝汤配方_医学百科 - 医学百科；牛膝汤_牛膝汤的作用_牛膝汤说明书_牛膝汤的功效_中药牛膝汤配方_医学百科 - 医学百科 匿名 未登录 登录 医学百科 搜索 牛膝汤 来自医学百科 名字空间 页面 更多 更多 语言 页面选项 Read 查看源代码 历史 【处方】 滑石 八两， 当归 （去苗.酒浸）、 木通 ，各六两； 牛膝 （去苗.酒浸.焙）、 瞿麦 ，各四两； 冬葵子 五两。 【 炮制 】
普救散,https://www.yixue.com/%E6%99%AE%E6%95%91%E6%95%A3,200,是,普救散_普救散的作用_普救散说明书_普救散的功效_中药普救散配方_医学百科 - 医学百科；普救散_普救散的作用_普救散说明书_普救散的功效_中药普救散配方_医学百科 - 医学百科 匿名 未登录 登录 医学百科 搜索 普救散 来自医学百科 名字空间 页面 更多 更多 语言 页面选项 Read 查看源代码 历史 【别名】 二姓不传散（《百选方》卷七）、不传散（《 普济方 》卷一四七）。 【处方】 苍术 500克（米泔水浸三日，切，焙干）干葛250克（
乳吹乳岩方,https://www.yixue.com/%E4%B9%B3%E5%90%B9%E4%B9%B3%E5%B2%A9%E6%96%B9,404,否,404；
乳癖乳岩方,https://www.yixue.com/%E4%B9%B3%E7%99%96%E4%B9%B3%E5%B2%A9%E6%96%B9,404,否,404；
神功沃雪汤,https://www.yixue.com/%E7%A5%9E%E5%8A%9F%E6%B2%83%E9%9B%AA%E6%B1%A4,404,否,404；
神仙附益丸,https://www.yixue.com/%E7%A5%9E%E4%BB%99%E9%99%84%E7%9B%8A%E4%B8%B8,404,否,404；
神效万金丹,https://www.yixue.com/%E7%A5%9E%E6%95%88%E4%B8%87%E9%87%91%E4%B8%B9,404,否,404；
神验保产无忧散,https://www.yixue.com/%E7%A5%9E%E9%AA%8C%E4%BF%9D%E4%BA%A7%E6%97%A0%E5%BF%A7%E6%95%A3,404,否,404；
肾着汤,https://www.yixue.com/%E8%82%BE%E7%9D%80%E6%B1%A4,200,是,肾着汤_肾着汤的作用_肾着汤说明书_肾着汤的功效_中药肾着汤配方_医学百科 - 医学百科；肾着汤_肾着汤的作用_肾着汤说明书_肾着汤的功效_中药肾着汤配方_医学百科 - 医学百科 匿名 未登录 登录 医学百科 搜索 肾着汤 来自医学百科 名字空间 页面 更多 更多 语言 页面选项 Read 查看源代码 历史 【处方】 茯苓 白术 各120克 干姜 （炮） 甘草 各60克（炙） 杏仁 （去皮、尖，炒）90克 【制法】 上锉为散。 【功效与作用】 治
升阳散火汤,https://www.yixue.com/%E5%8D%87%E9%98%B3%E6%95%A3%E7%81%AB%E6%B1%A4,200,是,升阳散火汤_升阳散火汤的作用_升阳散火汤说明书_升阳散火汤的功效_中药升阳散火汤配方_医学百科 - 医学百科；升阳散火汤_升阳散火汤的作用_升阳散火汤说明书_升阳散火汤的功效_中药升阳散火汤配方_医学百科 - 医学百科 匿名 未登录 登录 医学百科 搜索 升阳散火汤 来自医学百科 名字空间 页面 更多 更多 语言 页面选项 Read 查看源代码 历史 【别名】 柴胡升麻汤 （《 兰室秘藏 》卷下）。 【处方】 升麻 葛根 独活 羌活 白芍药 人参 各15克 甘草 （
生化汤论附方,https://www.yixue.com/%E7%94%9F%E5%8C%96%E6%B1%A4%E8%AE%BA%E9%99%84%E6%96%B9,404,否,404；
疏风利阴煎,https://www.yixue.com/%E7%96%8F%E9%A3%8E%E5%88%A9%E9%98%B4%E7%85%8E,404,否,404；
陶真君心痛方,https://www.yixue.com/%E9%99%B6%E7%9C%9F%E5%90%9B%E5%BF%83%E7%97%9B%E6%96%B9,404,否,404；
通脉散,https://www.yixue.com/%E9%80%9A%E8%84%89%E6%95%A3,404,否,404；
通血散,https://www.yixue.com/%E9%80%9A%E8%A1%80%E6%95%A3,404,否,404；
杏参散,https://www.yixue.com/%E6%9D%8F%E5%8F%82%E6%95%A3,200,是,杏参散_杏参散的作用_杏参散说明书_杏参散的功效_中药杏参散配方_医学百科 - 医学百科；杏参散_杏参散的作用_杏参散说明书_杏参散的功效_中药杏参散配方_医学百科 - 医学百科 匿名 未登录 登录 医学百科 搜索 杏参散 来自医学百科 名字空间 页面 更多 更多 语言 页面选项 Read 查看源代码 历史 目录 1 《宋.太平惠民和剂局方》:杏参散 2 《太平惠民和剂局方》卷四:杏参散 3 中药方专题 3.1 按功效分类的常用方剂 3.2 中药
雄黄兑散,https://www.yixue.com/%E9%9B%84%E9%BB%84%E5%85%91%E6%95%A3,404,否,404；
血余丸,https://www.yixue.com/%E8%A1%80%E4%BD%99%E4%B8%B8,404,否,404；
牙痛煎方,https://www.yixue.com/%E7%89%99%E7%97%9B%E7%85%8E%E6%96%B9,404,否,404；
阳症吐血方,https://www.yixue.com/%E9%98%B3%E7%97%87%E5%90%90%E8%A1%80%E6%96%B9,404,否,404；
遗精矣而又健忘方,https://www.yixue.com/%E9%81%97%E7%B2%BE%E7%9F%A3%E8%80%8C%E5%8F%88%E5%81%A5%E5%BF%98%E6%96%B9,404,否,404；
又补录定胎方,https://www.yixue.com/%E5%8F%88%E8%A1%A5%E5%BD%95%E5%AE%9A%E8%83%8E%E6%96%B9,404,否,404；
遇仙丹,https://www.yixue.com/%E9%81%87%E4%BB%99%E4%B8%B9,200,是,遇仙丹_遇仙丹的作用_遇仙丹说明书_遇仙丹的功效_中药遇仙丹配方_医学百科 - 医学百科；遇仙丹_遇仙丹的作用_遇仙丹说明书_遇仙丹的功效_中药遇仙丹配方_医学百科 - 医学百科 匿名 未登录 登录 医学百科 搜索 遇仙丹 来自医学百科 名字空间 页面 更多 更多 语言 页面选项 Read 查看源代码 历史 【处方】 黑牵牛 子（半生半炒，研取头。末）120克 三棱 蓬术 茵陈 槟榔 （供用生）各15克 【制法】 上药研末。每120克，用 皂角 
栀子汤,https://www.yixue.com/%E6%A0%80%E5%AD%90%E6%B1%A4,200,是,栀子汤_栀子汤的作用_栀子汤说明书_栀子汤的功效_中药栀子汤配方_医学百科 - 医学百科；栀子汤_栀子汤的作用_栀子汤说明书_栀子汤的功效_中药栀子汤配方_医学百科 - 医学百科 匿名 未登录 登录 医学百科 搜索 栀子汤 来自医学百科 名字空间 页面 更多 更多 语言 页面选项 Read 查看源代码 历史 目录 1 《备急千金要方》卷十:栀子汤 2 《外台秘要》卷四引《延年秘录》:栀子汤 3 中药方专题 3.1 按功效分类的常用方剂 3.2 中
治急心疼方,https://www.yixue.com/%E6%B2%BB%E6%80%A5%E5%BF%83%E7%96%BC%E6%96%B9,404,否,404；
治腿麻木沉重方,https://www.yixue.com/%E6%B2%BB%E8%85%BF%E9%BA%BB%E6%9C%A8%E6%B2%89%E9%87%8D%E6%96%B9,404,否,404；
滋补丸,https://www.yixue.com/%E6%BB%8B%E8%A1%A5%E4%B8%B8,404,否,404；
《千金》内补散,https://www.yixue.com/%E3%80%8A%E5%8D%83%E9%87%91%E3%80%8B%E5%86%85%E8%A1%A5%E6%95%A3,404,否,404；
艾煎茯苓散,https://www.yixue.com/%E8%89%BE%E7%85%8E%E8%8C%AF%E8%8B%93%E6%95%A3,200,是,艾煎茯苓散_艾煎茯苓散的作用_艾煎茯苓散说明书_艾煎茯苓散的功效_中药艾煎茯苓散配方_医学百科 - 医学百科；艾煎茯苓散_艾煎茯苓散的作用_艾煎茯苓散说明书_艾煎茯苓散的功效_中药艾煎茯苓散配方_医学百科 - 医学百科 匿名 未登录 登录 医学百科 搜索 艾煎茯苓散 来自医学百科 名字空间 页面 更多 更多 语言 页面选项 Read 查看源代码 历史 【处方】 艾， 茯苓 末1钱。 【功效与作用】 别处 无汗 ，独心孔1片有汗者。 【用法用量】 以艾煎汤，调茯苓末服
安神丸,https://www.yixue.com/%E5%AE%89%E7%A5%9E%E4%B8%B8,200,是,安神丸_安神丸说明书_安神丸的作用_安神丸副作用_安神丸是什么_医学百科 - 医学百科；安神丸_安神丸说明书_安神丸的作用_安神丸副作用_安神丸是什么_医学百科 - 医学百科 匿名 未登录 登录 医学百科 搜索 安神丸 来自医学百科 名字空间 页面 更多 更多 语言 页面选项 Read 查看源代码 历史 安神丸 ， 益气养血 ， 安神宁 心。适用于一般 神经衰弱 ，如 失眠 ， 头昏 ， 耳鸣 ， 心悸 ， 健忘 。 本药品被归类到 眩晕、耳鸣
保产无忧方,https://www.yixue.com/%E4%BF%9D%E4%BA%A7%E6%97%A0%E5%BF%A7%E6%96%B9,404,否,404；
不止麒麟散,https://www.yixue.com/%E4%B8%8D%E6%AD%A2%E9%BA%92%E9%BA%9F%E6%95%A3,404,否,404；
柴胡去半夏加栝蒌汤,https://www.yixue.com/%E6%9F%B4%E8%83%A1%E5%8E%BB%E5%8D%8A%E5%A4%8F%E5%8A%A0%E6%A0%9D%E8%92%8C%E6%B1%A4,404,否,404；
产妇气喘腹痛方,https://www.yixue.com/%E4%BA%A7%E5%A6%87%E6%B0%94%E5%96%98%E8%85%B9%E7%97%9B%E6%96%B9,404,否,404；
冲和灵宝饮,https://www.yixue.com/%E5%86%B2%E5%92%8C%E7%81%B5%E5%AE%9D%E9%A5%AE,200,是,冲和灵宝饮_冲和灵宝饮的作用_冲和灵宝饮说明书_冲和灵宝饮的功效_中药冲和灵宝饮配方_医学百科 - 医学百科；冲和灵宝饮_冲和灵宝饮的作用_冲和灵宝饮说明书_冲和灵宝饮的功效_中药冲和灵宝饮配方_医学百科 - 医学百科 匿名 未登录 登录 医学百科 搜索 冲和灵宝饮 来自医学百科 名字空间 页面 更多 更多 语言 页面选项 Read 查看源代码 历史 目录 1 《鲁府禁方》卷一:冲和灵宝饮 2 《伤寒六书》卷三:冲和灵宝饮 3 中药方专题 3.1 按功效分类的常用方
春雪膏,https://www.yixue.com/%E6%98%A5%E9%9B%AA%E8%86%8F,200,是,春雪膏_春雪膏的作用_春雪膏说明书_春雪膏的功效_中药春雪膏配方_医学百科 - 医学百科；春雪膏_春雪膏的作用_春雪膏说明书_春雪膏的功效_中药春雪膏配方_医学百科 - 医学百科 匿名 未登录 登录 医学百科 搜索 春雪膏 来自医学百科 名字空间 页面 更多 更多 语言 页面选项 Read 查看源代码 历史 目录 1 《宋.太平惠民和剂局方》:春雪膏 2 《太平惠民和剂局方》卷七:春雪膏 3 《局方》类七（淳佑新添方）:春雪膏 4 《朱氏集验方》
淳于丸,https://www.yixue.com/%E6%B7%B3%E4%BA%8E%E4%B8%B8,200,是,淳于丸_淳于丸的作用_淳于丸说明书_淳于丸的功效_中药淳于丸配方_医学百科 - 医学百科；淳于丸_淳于丸的作用_淳于丸说明书_淳于丸的功效_中药淳于丸配方_医学百科 - 医学百科 匿名 未登录 登录 医学百科 搜索 淳于丸 来自医学百科 名字空间 页面 更多 更多 语言 页面选项 Read 查看源代码 历史 【处方】 大黄8两， 白芍 4两， 车前子 4两， 萝卜 子8两。 【制法】 俱生用，为末，水打为丸。 【功效与作用】 痢疾 。 【用法用量
大黄甘遂汤,https://www.yixue.com/%E5%A4%A7%E9%BB%84%E7%94%98%E9%81%82%E6%B1%A4,200,是,大黄甘遂汤_大黄甘遂汤的作用_大黄甘遂汤说明书_大黄甘遂汤的功效_中药大黄甘遂汤配方_医学百科 - 医学百科；大黄甘遂汤_大黄甘遂汤的作用_大黄甘遂汤说明书_大黄甘遂汤的功效_中药大黄甘遂汤配方_医学百科 - 医学百科 匿名 未登录 登录 医学百科 搜索 大黄甘遂汤 来自医学百科 名字空间 页面 更多 更多 语言 页面选项 Read 查看源代码 历史 【处方】 大黄4两， 甘遂 2两， 阿胶 2两。 【功效与作用】 妇人产后，水与血结于 血室 ， 少腹满 如敦状；及
导气丸,https://www.yixue.com/%E5%AF%BC%E6%B0%94%E4%B8%B8,200,是,导气丸_导气丸的作用_导气丸说明书_导气丸的功效_中药导气丸配方_医学百科 - 医学百科；导气丸_导气丸的作用_导气丸说明书_导气丸的功效_中药导气丸配方_医学百科 - 医学百科 匿名 未登录 登录 医学百科 搜索 导气丸 来自医学百科 名字空间 页面 更多 更多 语言 页面选项 Read 查看源代码 历史 目录 1 《普济方》卷三九三引《全婴方》:导气丸 2 《宣明论》卷七:导气丸 3 《杨氏家藏方》卷五:导气丸 4 《寿世保元》卷五:导气丸 
第二方,https://www.yixue.com/%E7%AC%AC%E4%BA%8C%E6%96%B9,404,否,404；
调中散,https://www.yixue.com/%E8%B0%83%E4%B8%AD%E6%95%A3,200,是,调中散_调中散的作用_调中散说明书_调中散的功效_中药调中散配方_医学百科 - 医学百科；调中散_调中散的作用_调中散说明书_调中散的功效_中药调中散配方_医学百科 - 医学百科 匿名 未登录 登录 医学百科 搜索 调中散 来自医学百科 名字空间 页面 更多 更多 语言 页面选项 Read 查看源代码 历史 目录 1 《奇效良方》卷六十四:调中散 2 《医学心悟》卷三:调中散 3 《幼幼集成》卷二:调中散 4 《医方类聚》卷二○四引《修真秘诀》:
二神丸,https://www.yixue.com/%E4%BA%8C%E7%A5%9E%E4%B8%B8,404,否,404；
防己地黄汤,https://www.yixue.com/%E9%98%B2%E5%B7%B1%E5%9C%B0%E9%BB%84%E6%B1%A4,200,是,防己地黄汤_防己地黄汤的作用_防己地黄汤说明书_防己地黄汤的功效_中药防己地黄汤配方_医学百科 - 医学百科；防己地黄汤_防己地黄汤的作用_防己地黄汤说明书_防己地黄汤的功效_中药防己地黄汤配方_医学百科 - 医学百科 匿名 未登录 登录 医学百科 搜索 防己地黄汤 来自医学百科 名字空间 页面 更多 更多 语言 页面选项 Read 查看源代码 历史 目录 1 《金匮要略》卷上:防己地黄汤 2 《金匮》卷上:防己地黄汤 3 中药方专题 3.1 按功效分类的常用方剂 
茯苓五味子汤,https://www.yixue.com/%E8%8C%AF%E8%8B%93%E4%BA%94%E5%91%B3%E5%AD%90%E6%B1%A4,404,否,404；
附录《金匮》枳术汤,https://www.yixue.com/%E9%99%84%E5%BD%95%E3%80%8A%E9%87%91%E5%8C%AE%E3%80%8B%E6%9E%B3%E6%9C%AF%E6%B1%A4,404,否,404；
赴筵散,https://www.yixue.com/%E8%B5%B4%E7%AD%B5%E6%95%A3,200,是,赴筵散_赴筵散的作用_赴筵散说明书_赴筵散的功效_中药赴筵散配方_医学百科 - 医学百科；赴筵散_赴筵散的作用_赴筵散说明书_赴筵散的功效_中药赴筵散配方_医学百科 - 医学百科 匿名 未登录 登录 医学百科 搜索 赴筵散 来自医学百科 名字空间 页面 更多 更多 语言 页面选项 Read 查看源代码 历史 目录 1 《宋.太平惠民和剂局方》:赴筵散 2 《三因极一病证方论》卷十六:赴筵散 3 《杂病源流犀烛》卷二十三:赴筵散 4 《同寿录》卷末
甘桔防风汤,https://www.yixue.com/%E7%94%98%E6%A1%94%E9%98%B2%E9%A3%8E%E6%B1%A4,200,是,甘桔防风汤_甘桔防风汤的作用_甘桔防风汤说明书_甘桔防风汤的功效_中药甘桔防风汤配方_医学百科 - 医学百科；甘桔防风汤_甘桔防风汤的作用_甘桔防风汤说明书_甘桔防风汤的功效_中药甘桔防风汤配方_医学百科 - 医学百科 匿名 未登录 登录 医学百科 搜索 甘桔防风汤 来自医学百科 名字空间 页面 更多 更多 语言 页面选项 Read 查看源代码 历史 【处方】 甘草 、 桔梗 、 防风 、 薄荷 、 荆芥 、 牛蒡 、 射干 、 玄参 、 连翘 、 黄芩 、 银花 
干姜人参半夏丸,https://www.yixue.com/%E5%B9%B2%E5%A7%9C%E4%BA%BA%E5%8F%82%E5%8D%8A%E5%A4%8F%E4%B8%B8,200,是,干姜人参半夏丸 - 医学百科；干姜人参半夏丸 - 医学百科 匿名 未登录 登录 医学百科 搜索 干姜人参半夏丸 来自医学百科 名字空间 页面 更多 更多 语言 页面选项 Read 查看源代码 历史 干姜人参半夏丸 【来源】《 金匮要略 》卷下。 【组成】 干姜 人参 各14克 半夏 28克 【用法】上药三味为末，以 生姜汁 煮糊为丸，如 梧桐子 大。饮服10丸，一日三次。 【主治】妇人 
桂枝二越脾一汤,https://www.yixue.com/%E6%A1%82%E6%9E%9D%E4%BA%8C%E8%B6%8A%E8%84%BE%E4%B8%80%E6%B1%A4,404,否,404；
桂枝加芍药加大黄二汤,https://www.yixue.com/%E6%A1%82%E6%9E%9D%E5%8A%A0%E8%8A%8D%E8%8D%AF%E5%8A%A0%E5%A4%A7%E9%BB%84%E4%BA%8C%E6%B1%A4,404,否,404；
桂枝加芍药生姜人参新加汤,https://www.yixue.com/%E6%A1%82%E6%9E%9D%E5%8A%A0%E8%8A%8D%E8%8D%AF%E7%94%9F%E5%A7%9C%E4%BA%BA%E5%8F%82%E6%96%B0%E5%8A%A0%E6%B1%A4,404,否,404；
桂枝去桂加茯苓白术汤,https://www.yixue.com/%E6%A1%82%E6%9E%9D%E5%8E%BB%E6%A1%82%E5%8A%A0%E8%8C%AF%E8%8B%93%E7%99%BD%E6%9C%AF%E6%B1%A4,200,是,桂枝去桂加茯苓白术汤_桂枝去桂加茯苓白术汤的作用_桂枝去桂加茯苓白术汤说明书_桂枝去桂加茯苓白术汤的功效_中药桂枝去桂加茯苓白术汤配方_医学百科 - 医学百科；桂枝去桂加茯苓白术汤_桂枝去桂加茯苓白术汤的作用_桂枝去桂加茯苓白术汤说明书_桂枝去桂加茯苓白术汤的功效_中药桂枝去桂加茯苓白术汤配方_医学百科 - 医学百科 匿名 未登录 登录 医学百科 搜索 桂枝去桂加茯苓白术汤 来自医学百科 名字空间 页面 更多 更多 语言 页面选项 Read 查看源代码 历史 【别名】 白术茯苓汤 、 茯苓白术汤 、 桂枝 去桂加 
寒泻方,https://www.yixue.com/%E5%AF%92%E6%B3%BB%E6%96%B9,404,否,404；
和胃二陈煎,https://www.yixue.com/%E5%92%8C%E8%83%83%E4%BA%8C%E9%99%88%E7%85%8E,200,是,和胃二陈煎_和胃二陈煎的作用_和胃二陈煎说明书_和胃二陈煎的功效_中药和胃二陈煎配方_医学百科 - 医学百科；和胃二陈煎_和胃二陈煎的作用_和胃二陈煎说明书_和胃二陈煎的功效_中药和胃二陈煎配方_医学百科 - 医学百科 匿名 未登录 登录 医学百科 搜索 和胃二陈煎 来自医学百科 名字空间 页面 更多 更多 语言 页面选项 Read 查看源代码 历史 目录 1 《景岳全书》卷五十一:和胃二陈煎 2 《医方简义》卷三:和胃二陈煎 3 中药方专题 3.1 按功效分类的常
黑丸子,https://www.yixue.com/%E9%BB%91%E4%B8%B8%E5%AD%90,200,是,黑丸子_黑丸子的作用_黑丸子说明书_黑丸子的功效_中药黑丸子配方_医学百科 - 医学百科；黑丸子_黑丸子的作用_黑丸子说明书_黑丸子的功效_中药黑丸子配方_医学百科 - 医学百科 匿名 未登录 登录 医学百科 搜索 黑丸子 来自医学百科 名字空间 页面 更多 更多 语言 页面选项 Read 查看源代码 历史 目录 1 《仙授理伤续断秘方》:黑丸子 2 《重订严氏济生方》:黑丸子 3 《世医得效方》卷七:黑丸子 4 《济生》卷四:黑丸子 5 《名家
胡桃丸,https://www.yixue.com/%E8%83%A1%E6%A1%83%E4%B8%B8,200,是,胡桃丸_胡桃丸的作用_胡桃丸说明书_胡桃丸的功效_中药胡桃丸配方_医学百科 - 医学百科；胡桃丸_胡桃丸的作用_胡桃丸说明书_胡桃丸的功效_中药胡桃丸配方_医学百科 - 医学百科 匿名 未登录 登录 医学百科 搜索 胡桃丸 来自医学百科 名字空间 页面 更多 更多 语言 页面选项 Read 查看源代码 历史 目录 1 《万病回春》卷五:胡桃丸 2 《回春》卷五:胡桃丸 3 《普济方》卷二四九:胡桃丸 4 《御药院方》卷六:胡桃丸 5 《三因》卷十
黄蛇散,https://www.yixue.com/%E9%BB%84%E8%9B%87%E6%95%A3,200,是,黄蛇散_黄蛇散的作用_黄蛇散说明书_黄蛇散的功效_中药黄蛇散配方_医学百科 - 医学百科；黄蛇散_黄蛇散的作用_黄蛇散说明书_黄蛇散的功效_中药黄蛇散配方_医学百科 - 医学百科 匿名 未登录 登录 医学百科 搜索 黄蛇散 来自医学百科 名字空间 页面 更多 更多 语言 页面选项 Read 查看源代码 历史 【处方】 雄黄 5分， 蛇蜕 （ 烧存性 ）1分。 【制法】 上为细末。 【功效与作用】 甲 痈肿 烂，生脚指甲边 赤肉 努出； 嵌甲 入肉
火吐方,https://www.yixue.com/%E7%81%AB%E5%90%90%E6%96%B9,404,否,404；
加减安胎饮,https://www.yixue.com/%E5%8A%A0%E5%87%8F%E5%AE%89%E8%83%8E%E9%A5%AE,200,是,加减安胎饮_加减安胎饮的作用_加减安胎饮说明书_加减安胎饮的功效_中药加减安胎饮配方_医学百科 - 医学百科；加减安胎饮_加减安胎饮的作用_加减安胎饮说明书_加减安胎饮的功效_中药加减安胎饮配方_医学百科 - 医学百科 匿名 未登录 登录 医学百科 搜索 加减安胎饮 来自医学百科 名字空间 页面 更多 更多 语言 页面选项 Read 查看源代码 历史 目录 1 《古今医鉴》卷十二:加减安胎饮 2 《得效》卷十四:加减安胎饮 3 《胎产秘书》卷上:加减安胎饮 4 《胎
加味理中丸,https://www.yixue.com/%E5%8A%A0%E5%91%B3%E7%90%86%E4%B8%AD%E4%B8%B8,200,是,加味理中丸_加味理中丸的作用_加味理中丸说明书_加味理中丸的功效_中药加味理中丸配方_医学百科 - 医学百科；加味理中丸_加味理中丸的作用_加味理中丸说明书_加味理中丸的功效_中药加味理中丸配方_医学百科 - 医学百科 匿名 未登录 登录 医学百科 搜索 加味理中丸 来自医学百科 名字空间 页面 更多 更多 语言 页面选项 Read 查看源代码 历史 目录 1 《育婴秘诀》卷三:加味理中丸 2 《古今医鉴》卷十二:加味理中丸 3 中药方专题 3.1 按功效分类的常用
加味三补丸,https://www.yixue.com/%E5%8A%A0%E5%91%B3%E4%B8%89%E8%A1%A5%E4%B8%B8,200,是,加味三补丸_加味三补丸的作用_加味三补丸说明书_加味三补丸的功效_中药加味三补丸配方_医学百科 - 医学百科；加味三补丸_加味三补丸的作用_加味三补丸说明书_加味三补丸的功效_中药加味三补丸配方_医学百科 - 医学百科 匿名 未登录 登录 医学百科 搜索 加味三补丸 来自医学百科 名字空间 页面 更多 更多 语言 页面选项 Read 查看源代码 历史 目录 1 《中医症状鉴别诊断学》:加味三补丸 2 《叶氏女科》卷二:加味三补丸 3 《济阳纲目》卷五十:加味三补丸 
加味香附丸,https://www.yixue.com/%E5%8A%A0%E5%91%B3%E9%A6%99%E9%99%84%E4%B8%B8,200,是,加味香附丸_加味香附丸的作用_加味香附丸说明书_加味香附丸的功效_中药加味香附丸配方_医学百科 - 医学百科；加味香附丸_加味香附丸的作用_加味香附丸说明书_加味香附丸的功效_中药加味香附丸配方_医学百科 - 医学百科 匿名 未登录 登录 医学百科 搜索 加味香附丸 来自医学百科 名字空间 页面 更多 更多 语言 页面选项 Read 查看源代码 历史 【处方】 香附 1斤（4两老酒浸两宿，炒，捣碎，再焙干，磨为末；4两米醋浸同上；4两 童便 浸同上；4两用 山栀 4
桔梗汤,https://www.yixue.com/%E6%A1%94%E6%A2%97%E6%B1%A4,200,是,桔梗汤 - 医学百科；桔梗汤 - 医学百科 匿名 未登录 登录 医学百科 搜索 桔梗汤 来自医学百科 名字空间 页面 更多 更多 语言 页面选项 Read 查看源代码 历史 ［来源］ 唐代孙思邈《千金翼方》。 ［组成］ 桔梗 （五钱） 甘草 （三钱） ［用法］ 上作一服，水二钟，煎至一钟，食后服。 ［主治］ 伤寒 咽痛 。 目录 1 桔梗汤药方（二）∶《伤寒论》 2 桔梗汤药方（
久虚缓补方,https://www.yixue.com/%E4%B9%85%E8%99%9A%E7%BC%93%E8%A1%A5%E6%96%B9,404,否,404；
局方神术散,https://www.yixue.com/%E5%B1%80%E6%96%B9%E7%A5%9E%E6%9C%AF%E6%95%A3,404,否,404；
蠲痹汤（《济生方》严氏）,https://www.yixue.com/%E8%A0%B2%E7%97%B9%E6%B1%A4%EF%BC%88%E3%80%8A%E6%B5%8E%E7%94%9F%E6%96%B9%E3%80%8B%E4%B8%A5%E6%B0%8F%EF%BC%89,404,否,404；
苦散,https://www.yixue.com/%E8%8B%A6%E6%95%A3,200,是,苦散_苦散的作用_苦散说明书_苦散的功效_中药苦散配方_医学百科 - 医学百科；苦散_苦散的作用_苦散说明书_苦散的功效_中药苦散配方_医学百科 - 医学百科 匿名 未登录 登录 医学百科 搜索 苦散 来自医学百科 名字空间 页面 更多 更多 语言 页面选项 Read 查看源代码 历史 【别名】 戊己丸 （《 太平惠民和剂局方 .吴直阁诸家名方》卷六）、 吴茱萸丸 （《 鸡峰普济方 》卷十四）。 【处方】 吴茱萸 黄连 白芍药 （俱锉如
快斑红蜡丸,https://www.yixue.com/%E5%BF%AB%E6%96%91%E7%BA%A2%E8%9C%A1%E4%B8%B8,404,否,404；
狂症方,https://www.yixue.com/%E7%8B%82%E7%97%87%E6%96%B9,404,否,404；
流口水烂方,https://www.yixue.com/%E6%B5%81%E5%8F%A3%E6%B0%B4%E7%83%82%E6%96%B9,404,否,404；
六神汤,https://www.yixue.com/%E5%85%AD%E7%A5%9E%E6%B1%A4,200,是,六神汤_六神汤的作用_六神汤说明书_六神汤的功效_中药六神汤配方_医学百科 - 医学百科；六神汤_六神汤的作用_六神汤说明书_六神汤的功效_中药六神汤配方_医学百科 - 医学百科 匿名 未登录 登录 医学百科 搜索 六神汤 来自医学百科 名字空间 页面 更多 更多 语言 页面选项 Read 查看源代码 历史 目录 1 《永类钤方》卷十三:六神汤 2 《圣济总录》卷三十二:六神汤 3 《圣济总录》卷七十五:六神汤 4 《寿世新编》:六神汤 5 《镐
龙须散,https://www.yixue.com/%E9%BE%99%E9%A1%BB%E6%95%A3,200,是,龙须散_龙须散的作用_龙须散说明书_龙须散的功效_中药龙须散配方_医学百科 - 医学百科；龙须散_龙须散的作用_龙须散说明书_龙须散的功效_中药龙须散配方_医学百科 - 医学百科 匿名 未登录 登录 医学百科 搜索 龙须散 来自医学百科 名字空间 页面 更多 更多 语言 页面选项 Read 查看源代码 历史 【别名】 濯热散、 甘草散 【处方】 白矾 （生）1两， 五倍子 （生。一作 五味子 ）2两， 乌梅 （捶，去仁）2两， 甘草 1两半（炙。
漏芦散,https://www.yixue.com/%E6%BC%8F%E8%8A%A6%E6%95%A3,200,是,漏芦散_漏芦散的作用_漏芦散说明书_漏芦散的功效_中药漏芦散配方_医学百科 - 医学百科；漏芦散_漏芦散的作用_漏芦散说明书_漏芦散的功效_中药漏芦散配方_医学百科 - 医学百科 匿名 未登录 登录 医学百科 搜索 漏芦散 来自医学百科 名字空间 页面 更多 更多 语言 页面选项 Read 查看源代码 历史 目录 1 《宋.太平惠民和剂局方》:漏芦散 2 《太平惠民和剂局方》卷九:漏芦散 3 《圣惠》卷六十四:漏芦散 4 《圣惠》卷十八:漏芦散 
妙功散,https://www.yixue.com/%E5%A6%99%E5%8A%9F%E6%95%A3,404,否,404；
内塞散,https://www.yixue.com/%E5%86%85%E5%A1%9E%E6%95%A3,404,否,404；
内消丸,https://www.yixue.com/%E5%86%85%E6%B6%88%E4%B8%B8,200,是,内消丸_内消丸的作用_内消丸说明书_内消丸的功效_中药内消丸配方_医学百科 - 医学百科；内消丸_内消丸的作用_内消丸说明书_内消丸的功效_中药内消丸配方_医学百科 - 医学百科 匿名 未登录 登录 医学百科 搜索 内消丸 来自医学百科 名字空间 页面 更多 更多 语言 页面选项 Read 查看源代码 历史 【处方】 莪术 （炮） 三棱 （炮）各9克 青皮 （去白） 陈皮 （去白）各30克 牵牛（头末）250克 薄荷 叶 皂角 （不蛀者，水煮软揉
辟瘟丹,https://www.yixue.com/%E8%BE%9F%E7%98%9F%E4%B8%B9,200,是,辟瘟丹 - 医学百科；辟瘟丹 - 医学百科 匿名 未登录 登录 医学百科 搜索 辟瘟丹 来自医学百科 名字空间 页面 更多 更多 语言 页面选项 Read 查看源代码 历史 辟瘟丹 药物组成 紫苏 2两， 香附 4两（ 童便 、醋、盐水、酒四制）， 苍术 2两（土炒）， 麦冬 1两（去心）， 木香 1两（忌火）， 白扁豆 2两（炒黄色）， 雄黄 5钱（研末）， 薄荷 2两， 管仲
朴硝散,https://www.yixue.com/%E6%9C%B4%E7%A1%9D%E6%95%A3,404,否,404；
如圣散,https://www.yixue.com/%E5%A6%82%E5%9C%A3%E6%95%A3,200,是,如圣散_如圣散的作用_如圣散说明书_如圣散的功效_中药如圣散配方_医学百科 - 医学百科；如圣散_如圣散的作用_如圣散说明书_如圣散的功效_中药如圣散配方_医学百科 - 医学百科 匿名 未登录 登录 医学百科 搜索 如圣散 来自医学百科 名字空间 页面 更多 更多 语言 页面选项 Read 查看源代码 历史 目录 1 《宋.太平惠民和剂局方》:如圣散 2 《圣济总录》卷一一○:如圣散 3 《圣济总录》卷一五二:如圣散 4 《卫生宝鉴》卷九:如圣散
三补丸,https://www.yixue.com/%E4%B8%89%E8%A1%A5%E4%B8%B8,200,是,三补丸_三补丸的作用_三补丸说明书_三补丸的功效_中药三补丸配方_医学百科 - 医学百科；三补丸_三补丸的作用_三补丸说明书_三补丸的功效_中药三补丸配方_医学百科 - 医学百科 匿名 未登录 登录 医学百科 搜索 三补丸 来自医学百科 名字空间 页面 更多 更多 语言 页面选项 Read 查看源代码 历史 【别名】 三黄丸 （《 校注妇人良方 》卷八） 【处方】 黄芩 黄柏 黄连 备 等分 【制法】 上药为末， 蒸饼 为丸。 【功效与作用】 清
三合汤,https://www.yixue.com/%E4%B8%89%E5%90%88%E6%B1%A4,200,是,三合汤_三合汤的作用_三合汤说明书_三合汤的功效_中药三合汤配方_医学百科 - 医学百科；三合汤_三合汤的作用_三合汤说明书_三合汤的功效_中药三合汤配方_医学百科 - 医学百科 匿名 未登录 登录 医学百科 搜索 三合汤 来自医学百科 名字空间 页面 更多 更多 语言 页面选项 Read 查看源代码 历史 【处方】 麻黄 陈皮 乌药 川芎 僵蚕 白芷 桔梗 枳壳 甘草 干姜 茯苓 半夏 香附 苏叶 苍术 【功效与作用】 治寒聚 背部 ，背心一点
三圣散,https://www.yixue.com/%E4%B8%89%E5%9C%A3%E6%95%A3,200,是,三圣散 - 医学百科；三圣散 - 医学百科 匿名 未登录 登录 医学百科 搜索 三圣散 来自医学百科 名字空间 页面 更多 更多 语言 页面选项 Read 查看源代码 历史 三圣散 【处方】没药（研、一分）、 琥珀 （研、一分）、乾蝎（七枚、全者、炒） 【功能与主治】治 中风 舌强不语。 【用法与用量】上为细末，每服三钱匕；用鹅梨汁半盏， 皂角 末一钱匕，浓煎汤一合，于梨汁相和调
三因七气汤,https://www.yixue.com/%E4%B8%89%E5%9B%A0%E4%B8%83%E6%B0%94%E6%B1%A4,404,否,404；
麝香散,https://www.yixue.com/%E9%BA%9D%E9%A6%99%E6%95%A3,200,是,麝香散_麝香散的作用_麝香散说明书_麝香散的功效_中药麝香散配方_医学百科 - 医学百科；麝香散_麝香散的作用_麝香散说明书_麝香散的功效_中药麝香散配方_医学百科 - 医学百科 匿名 未登录 登录 医学百科 搜索 麝香散 来自医学百科 名字空间 页面 更多 更多 语言 页面选项 Read 查看源代码 历史 目录 1 《世医得效方》卷十八:麝香散 2 《医学心悟》卷四:麝香散 3 中药方专题 3.1 按功效分类的常用方剂 3.2 中药方大全 按拼
肾气丸,https://www.yixue.com/%E8%82%BE%E6%B0%94%E4%B8%B8,200,是,肾气丸 - 医学百科；肾气丸 - 医学百科 匿名 未登录 登录 医学百科 搜索 肾气丸 来自医学百科 名字空间 页面 更多 更多 语言 页面选项 Read 查看源代码 历史 【来源】《金匮要略》卷下。 【 异名 】 八味肾气丸 (《金匮要略》卷上)、崔氏八味丸(《金匮要略.中风历节篇》附方)、《 金匮 》肾气丸(《 内科摘要 》卷下)、桂附八味丸(《 医方集解 ))、 桂附地黄丸
肾水成痰引火下降方,https://www.yixue.com/%E8%82%BE%E6%B0%B4%E6%88%90%E7%97%B0%E5%BC%95%E7%81%AB%E4%B8%8B%E9%99%8D%E6%96%B9,404,否,404；
升阳除湿汤,https://www.yixue.com/%E5%8D%87%E9%98%B3%E9%99%A4%E6%B9%BF%E6%B1%A4,200,是,升阳除湿汤_升阳除湿汤的作用_升阳除湿汤说明书_升阳除湿汤的功效_中药升阳除湿汤配方_医学百科 - 医学百科；升阳除湿汤_升阳除湿汤的作用_升阳除湿汤说明书_升阳除湿汤的功效_中药升阳除湿汤配方_医学百科 - 医学百科 匿名 未登录 登录 医学百科 搜索 升阳除湿汤 来自医学百科 名字空间 页面 更多 更多 语言 页面选项 Read 查看源代码 历史 目录 1 《兰室秘藏》卷中:升阳除湿汤 2 《兰室秘藏》卷下:升阳除湿汤 3 中药方专题 3.1 按功效分类的常用方
生地黄散,https://www.yixue.com/%E7%94%9F%E5%9C%B0%E9%BB%84%E6%95%A3,200,是,生地黄散_生地黄散的作用_生地黄散说明书_生地黄散的功效_中药生地黄散配方_医学百科 - 医学百科；生地黄散_生地黄散的作用_生地黄散说明书_生地黄散的功效_中药生地黄散配方_医学百科 - 医学百科 匿名 未登录 登录 医学百科 搜索 生地黄散 来自医学百科 名字空间 页面 更多 更多 语言 页面选项 Read 查看源代码 历史 目录 1 《太平圣惠方》卷三十七:生地黄散 2 《素问病机气宜保命集》卷下:生地黄散 3 中药方专题 3.1 按功效分类的常用方
双解贵金丸,https://www.yixue.com/%E5%8F%8C%E8%A7%A3%E8%B4%B5%E9%87%91%E4%B8%B8,200,是,双解贵金丸_双解贵金丸的作用_双解贵金丸说明书_双解贵金丸的功效_中药双解贵金丸配方_医学百科 - 医学百科；双解贵金丸_双解贵金丸的作用_双解贵金丸说明书_双解贵金丸的功效_中药双解贵金丸配方_医学百科 - 医学百科 匿名 未登录 登录 医学百科 搜索 双解贵金丸 来自医学百科 名字空间 页面 更多 更多 语言 页面选项 Read 查看源代码 历史 【处方】 生大黄500克 白芷 300克 【制法】 上二味，为末， 水丸 。 【功效与作用】 治 背疽 诸毒初起，木
水解散,https://www.yixue.com/%E6%B0%B4%E8%A7%A3%E6%95%A3,200,是,水解散_水解散的作用_水解散说明书_水解散的功效_中药水解散配方_医学百科 - 医学百科；水解散_水解散的作用_水解散说明书_水解散的功效_中药水解散配方_医学百科 - 医学百科 匿名 未登录 登录 医学百科 搜索 水解散 来自医学百科 名字空间 页面 更多 更多 语言 页面选项 Read 查看源代码 历史 目录 1 《外台秘要》卷三引《延年秘录》:水解散 2 《医方类聚》卷四十六引《千金月令》:水解散 3 中药方专题 3.1 按功效分类的常用方
顺气消食化痰丸,https://www.yixue.com/%E9%A1%BA%E6%B0%94%E6%B6%88%E9%A3%9F%E5%8C%96%E7%97%B0%E4%B8%B8,200,是,顺气消食化痰丸 - 医学百科；顺气消食化痰丸 - 医学百科 匿名 未登录 登录 医学百科 搜索 顺气消食化痰丸 来自医学百科 名字空间 页面 更多 更多 语言 页面选项 Read 查看源代码 历史 ◎方 名： 顺气消食化痰丸 （除痰之剂） 总 结：食痰 编 号：005 组 成： 半夏 、 胆星 、 杏仁 、 苏子 、 莱菔子 、 青皮 、 陈皮 去白、 香附 、 葛根 、 神曲 、 山楂
搜脓散,https://www.yixue.com/%E6%90%9C%E8%84%93%E6%95%A3,404,否,404；
索血散,https://www.yixue.com/%E7%B4%A2%E8%A1%80%E6%95%A3,404,否,404；
天麻二陈汤,https://www.yixue.com/%E5%A4%A9%E9%BA%BB%E4%BA%8C%E9%99%88%E6%B1%A4,404,否,404；
铁瓮先生交感丹,https://www.yixue.com/%E9%93%81%E7%93%AE%E5%85%88%E7%94%9F%E4%BA%A4%E6%84%9F%E4%B8%B9,404,否,404；
透邪煎,https://www.yixue.com/%E9%80%8F%E9%82%AA%E7%85%8E,404,否,404；
胃气痛方,https://www.yixue.com/%E8%83%83%E6%B0%94%E7%97%9B%E6%96%B9,404,否,404；
五神膏,https://www.yixue.com/%E4%BA%94%E7%A5%9E%E8%86%8F,404,否,404；
仙传通津救命至灵丹,https://www.yixue.com/%E4%BB%99%E4%BC%A0%E9%80%9A%E6%B4%A5%E6%95%91%E5%91%BD%E8%87%B3%E7%81%B5%E4%B8%B9,404,否,404；
香荆散,https://www.yixue.com/%E9%A6%99%E8%8D%86%E6%95%A3,404,否,404；
香薷汤,https://www.yixue.com/%E9%A6%99%E8%96%B7%E6%B1%A4,200,是,香薷汤_香薷汤的作用_香薷汤说明书_香薷汤的功效_中药香薷汤配方_医学百科 - 医学百科；香薷汤_香薷汤的作用_香薷汤说明书_香薷汤的功效_中药香薷汤配方_医学百科 - 医学百科 匿名 未登录 登录 医学百科 搜索 香薷汤 来自医学百科 名字空间 页面 更多 更多 语言 页面选项 Read 查看源代码 历史 目录 1 《宋.太平惠民和剂局方》:香薷汤 2 《太平惠民和剂局方》卷二:香薷汤 3 中药方专题 3.1 按功效分类的常用方剂 3.2 中药
小儿疟疾方,https://www.yixue.com/%E5%B0%8F%E5%84%BF%E7%96%9F%E7%96%BE%E6%96%B9,404,否,404；
小青龙加石膏汤,https://www.yixue.com/%E5%B0%8F%E9%9D%92%E9%BE%99%E5%8A%A0%E7%9F%B3%E8%86%8F%E6%B1%A4,200,是,小青龙加石膏汤 - 医学百科；小青龙加石膏汤 - 医学百科 匿名 未登录 登录 医学百科 搜索 小青龙加石膏汤 来自医学百科 名字空间 页面 更多 更多 语言 页面选项 Read 查看源代码 历史 治 肺胀 咳而上气，烦躁而喘， 脉浮 者心下有水气。 【组成】 麻黄 三两 桂枝 三两 细辛 三两 芍药 三两 半夏 半升 石膏 三两 干姜 三两 五味子 半升 甘草 三两 以上九味，以水一斗
泻毒饮,https://www.yixue.com/%E6%B3%BB%E6%AF%92%E9%A5%AE,404,否,404；
心气痛方,https://www.yixue.com/%E5%BF%83%E6%B0%94%E7%97%9B%E6%96%B9,404,否,404；
雄黄解毒散,https://www.yixue.com/%E9%9B%84%E9%BB%84%E8%A7%A3%E6%AF%92%E6%95%A3,404,否,404；
玄天散,https://www.yixue.com/%E7%8E%84%E5%A4%A9%E6%95%A3,404,否,404；
熏药方,https://www.yixue.com/%E7%86%8F%E8%8D%AF%E6%96%B9,404,否,404；
牙痛立止方,https://www.yixue.com/%E7%89%99%E7%97%9B%E7%AB%8B%E6%AD%A2%E6%96%B9,404,否,404；
羊肝散,https://www.yixue.com/%E7%BE%8A%E8%82%9D%E6%95%A3,200,是,羊肝散_羊肝散的作用_羊肝散说明书_羊肝散的功效_中药羊肝散配方_医学百科 - 医学百科；羊肝散_羊肝散的作用_羊肝散说明书_羊肝散的功效_中药羊肝散配方_医学百科 - 医学百科 匿名 未登录 登录 医学百科 搜索 羊肝散 来自医学百科 名字空间 页面 更多 更多 语言 页面选项 Read 查看源代码 历史 【处方】 谷精草 15克 甘菊 花30克 木贼 4.5克 甘草 黄连 各9克 【制法】 上为细末。 【功效与作用】 治翳膜 攀睛 ，赤烂 肿
阳和生化汤,https://www.yixue.com/%E9%98%B3%E5%92%8C%E7%94%9F%E5%8C%96%E6%B1%A4,404,否,404；
养营惜红煎,https://www.yixue.com/%E5%85%BB%E8%90%A5%E6%83%9C%E7%BA%A2%E7%85%8E,404,否,404；
养元汤,https://www.yixue.com/%E5%85%BB%E5%85%83%E6%B1%A4,200,是,养元汤_养元汤的作用_养元汤说明书_养元汤的功效_中药养元汤配方_医学百科 - 医学百科；养元汤_养元汤的作用_养元汤说明书_养元汤的功效_中药养元汤配方_医学百科 - 医学百科 匿名 未登录 登录 医学百科 搜索 养元汤 来自医学百科 名字空间 页面 更多 更多 语言 页面选项 Read 查看源代码 历史 【处方】 当归 川芎 白芍 （炒） 炙甘草 熟地 杜仲 （炒，去丝）各3克 枸杞 6克 杏仁 4.5克 白茯苓 4.5克 金樱子 4.5克（
腰痛矣而又头痛方,https://www.yixue.com/%E8%85%B0%E7%97%9B%E7%9F%A3%E8%80%8C%E5%8F%88%E5%A4%B4%E7%97%9B%E6%96%B9,404,否,404；
咬头方,https://www.yixue.com/%E5%92%AC%E5%A4%B4%E6%96%B9,404,否,404；
抑气散,https://www.yixue.com/%E6%8A%91%E6%B0%94%E6%95%A3,404,否,404；
银花甘草汤,https://www.yixue.com/%E9%93%B6%E8%8A%B1%E7%94%98%E8%8D%89%E6%B1%A4,404,否,404；
又治火泻方,https://www.yixue.com/%E5%8F%88%E6%B2%BB%E7%81%AB%E6%B3%BB%E6%96%B9,404,否,404；
又治脾泄丸（散）方,https://www.yixue.com/%E5%8F%88%E6%B2%BB%E8%84%BE%E6%B3%84%E4%B8%B8%EF%BC%88%E6%95%A3%EF%BC%89%E6%96%B9,404,否,404；
玉屑膏,https://www.yixue.com/%E7%8E%89%E5%B1%91%E8%86%8F,404,否,404；
振阳汤,https://www.yixue.com/%E6%8C%AF%E9%98%B3%E6%B1%A4,404,否,404；
止血方,https://www.yixue.com/%E6%AD%A2%E8%A1%80%E6%96%B9,404,否,404；
治滞痰方,https://www.yixue.com/%E6%B2%BB%E6%BB%9E%E7%97%B0%E6%96%B9,404,否,404；
种玉酒七,https://www.yixue.com/%E7%A7%8D%E7%8E%89%E9%85%92%E4%B8%83,404,否,404；
朱雀丸,https://www.yixue.com/%E6%9C%B1%E9%9B%80%E4%B8%B8,200,是,朱雀丸_朱雀丸的作用_朱雀丸说明书_朱雀丸的功效_中药朱雀丸配方_医学百科 - 医学百科；朱雀丸_朱雀丸的作用_朱雀丸说明书_朱雀丸的功效_中药朱雀丸配方_医学百科 - 医学百科 匿名 未登录 登录 医学百科 搜索 朱雀丸 来自医学百科 名字空间 页面 更多 更多 语言 页面选项 Read 查看源代码 历史 【处方】 茯神 60克（去皮） 沉香 15克 【制法】 上药并为细末，炼蜜为丸，如小豆大。 【功效与作用】 治 心火 不降， 肾水 不开，心
诸疝初起方,https://www.yixue.com/%E8%AF%B8%E7%96%9D%E5%88%9D%E8%B5%B7%E6%96%B9,404,否,404；
逐狐汤,https://www.yixue.com/%E9%80%90%E7%8B%90%E6%B1%A4,404,否,404；
走精黄病方,https://www.yixue.com/%E8%B5%B0%E7%B2%BE%E9%BB%84%E7%97%85%E6%96%B9,404,否,404；
阿胶饮,https://www.yixue.com/%E9%98%BF%E8%83%B6%E9%A5%AE,404,否,404；
百合地黄汤,https://www.yixue.com/%E7%99%BE%E5%90%88%E5%9C%B0%E9%BB%84%E6%B1%A4,200,是,百合地黄汤_百合地黄汤的作用_百合地黄汤说明书_百合地黄汤的功效_中药百合地黄汤配方_医学百科 - 医学百科；百合地黄汤_百合地黄汤的作用_百合地黄汤说明书_百合地黄汤的功效_中药百合地黄汤配方_医学百科 - 医学百科 匿名 未登录 登录 医学百科 搜索 百合地黄汤 来自医学百科 名字空间 页面 更多 更多 语言 页面选项 Read 查看源代码 历史 目录 1 《金匮要略》卷上:百合地黄汤 2 《金匮》卷上:百合地黄汤 3 中药方专题 3.1 按功效分类的常用方剂 
百合知母汤,https://www.yixue.com/%E7%99%BE%E5%90%88%E7%9F%A5%E6%AF%8D%E6%B1%A4,200,是,百合知母汤_百合知母汤的作用_百合知母汤说明书_百合知母汤的功效_中药百合知母汤配方_医学百科 - 医学百科；百合知母汤_百合知母汤的作用_百合知母汤说明书_百合知母汤的功效_中药百合知母汤配方_医学百科 - 医学百科 匿名 未登录 登录 医学百科 搜索 百合知母汤 来自医学百科 名字空间 页面 更多 更多 语言 页面选项 Read 查看源代码 历史 目录 1 《金匮要略》卷上:百合知母汤 2 《金匮》卷上:百合知母汤 3 中药方专题 3.1 按功效分类的常用方剂 
败毒托里散,https://www.yixue.com/%E8%B4%A5%E6%AF%92%E6%89%98%E9%87%8C%E6%95%A3,404,否,404；
败毒至圣散,https://www.yixue.com/%E8%B4%A5%E6%AF%92%E8%87%B3%E5%9C%A3%E6%95%A3,404,否,404；
备用要方,https://www.yixue.com/%E5%A4%87%E7%94%A8%E8%A6%81%E6%96%B9,404,否,404；
背骨痛方,https://www.yixue.com/%E8%83%8C%E9%AA%A8%E7%97%9B%E6%96%B9,404,否,404；
参桂汤,https://www.yixue.com/%E5%8F%82%E6%A1%82%E6%B1%A4,200,是,参桂汤_参桂汤的作用_参桂汤说明书_参桂汤的功效_中药参桂汤配方_医学百科 - 医学百科；参桂汤_参桂汤的作用_参桂汤说明书_参桂汤的功效_中药参桂汤配方_医学百科 - 医学百科 匿名 未登录 登录 医学百科 搜索 参桂汤 来自医学百科 名字空间 页面 更多 更多 语言 页面选项 Read 查看源代码 历史 目录 1 《圣济总录》卷四十七:参桂汤 2 《不知医必要》卷三:参桂汤 3 中药方专题 3.1 按功效分类的常用方剂 3.2 中药方大全 按
柴葛解肌汤（《医学心悟》程氏）,https://www.yixue.com/%E6%9F%B4%E8%91%9B%E8%A7%A3%E8%82%8C%E6%B1%A4%EF%BC%88%E3%80%8A%E5%8C%BB%E5%AD%A6%E5%BF%83%E6%82%9F%E3%80%8B%E7%A8%8B%E6%B0%8F%EF%BC%89,404,否,404；
柴胡桂枝汤,https://www.yixue.com/%E6%9F%B4%E8%83%A1%E6%A1%82%E6%9E%9D%E6%B1%A4,200,是,柴胡桂枝汤 - 医学百科；柴胡桂枝汤 - 医学百科 匿名 未登录 登录 医学百科 搜索 柴胡桂枝汤 来自医学百科 名字空间 页面 更多 更多 语言 页面选项 Read 查看源代码 历史 中药 方剂 名。 目录 1 来源 1.1 1《伤寒论》146条 1.2 2唐本《伤寒论》 1.3 3《金匮要略.腹满寒疝宿食病》《外台》 2 组成 3 用法 4 功用 5 主治 6 其他治疗用途 6.
柴胡生化汤,https://www.yixue.com/%E6%9F%B4%E8%83%A1%E7%94%9F%E5%8C%96%E6%B1%A4,200,是,柴胡生化汤_柴胡生化汤的作用_柴胡生化汤说明书_柴胡生化汤的功效_中药柴胡生化汤配方_医学百科 - 医学百科；柴胡生化汤_柴胡生化汤的作用_柴胡生化汤说明书_柴胡生化汤的功效_中药柴胡生化汤配方_医学百科 - 医学百科 匿名 未登录 登录 医学百科 搜索 柴胡生化汤 来自医学百科 名字空间 页面 更多 更多 语言 页面选项 Read 查看源代码 历史 【处方】 柴胡 （酒炒）1钱， 川芎 2钱， 当归 5钱， 桃仁 13粒， 炙甘草 5分， 炮姜 5分， 荆芥 1钱
蟾酥解毒丸,https://www.yixue.com/%E8%9F%BE%E9%85%A5%E8%A7%A3%E6%AF%92%E4%B8%B8,404,否,404；
蟾酥丸,https://www.yixue.com/%E8%9F%BE%E9%85%A5%E4%B8%B8,200,是,蟾酥丸_蟾酥丸的作用_蟾酥丸说明书_蟾酥丸的功效_中药蟾酥丸配方_医学百科 - 医学百科；蟾酥丸_蟾酥丸的作用_蟾酥丸说明书_蟾酥丸的功效_中药蟾酥丸配方_医学百科 - 医学百科 匿名 未登录 登录 医学百科 搜索 蟾酥丸 来自医学百科 名字空间 页面 更多 更多 语言 页面选项 Read 查看源代码 历史 目录 1 《玉机微义》卷十五引郭氏方:蟾酥丸 2 《外科正宗》卷二:蟾酥丸 3 《圣济总录》卷一七二:蟾酥丸 4 《活人心统》卷三:蟾酥丸 
赤石脂禹余粮汤,https://www.yixue.com/%E8%B5%A4%E7%9F%B3%E8%84%82%E7%A6%B9%E4%BD%99%E7%B2%AE%E6%B1%A4,200,是,赤石脂禹余粮汤 - 医学百科；赤石脂禹余粮汤 - 医学百科 匿名 未登录 登录 医学百科 搜索 赤石脂禹余粮汤 来自医学百科 名字空间 页面 更多 更多 语言 页面选项 Read 查看源代码 历史 方 名： 赤石脂禹余粮汤 （收涩之剂） 总 结：止利 编 号：001 组 成： 赤石脂 、 禹余粮 主 治：1.治 伤寒 服汤药下利不止，心中痞，服 泻心汤 已，复以他药下之，利不止， 医以
川椒丸,https://www.yixue.com/%E5%B7%9D%E6%A4%92%E4%B8%B8,200,是,川椒丸_川椒丸的作用_川椒丸说明书_川椒丸的功效_中药川椒丸配方_医学百科 - 医学百科；川椒丸_川椒丸的作用_川椒丸说明书_川椒丸的功效_中药川椒丸配方_医学百科 - 医学百科 匿名 未登录 登录 医学百科 搜索 川椒丸 来自医学百科 名字空间 页面 更多 更多 语言 页面选项 Read 查看源代码 历史 目录 1 《小儿卫生总微论方》卷十:川椒丸 2 《三因》卷十一:川椒丸 3 《圣惠》卷四十六:川椒丸 4 《圣惠》卷四十三:川椒丸 5 《圣
催生遇仙丹,https://www.yixue.com/%E5%82%AC%E7%94%9F%E9%81%87%E4%BB%99%E4%B8%B9,404,否,404；
当归导滞汤,https://www.yixue.com/%E5%BD%93%E5%BD%92%E5%AF%BC%E6%BB%9E%E6%B1%A4,200,是,当归导滞汤_当归导滞汤的作用_当归导滞汤说明书_当归导滞汤的功效_中药当归导滞汤配方_医学百科 - 医学百科；当归导滞汤_当归导滞汤的作用_当归导滞汤说明书_当归导滞汤的功效_中药当归导滞汤配方_医学百科 - 医学百科 匿名 未登录 登录 医学百科 搜索 当归导滞汤 来自医学百科 名字空间 页面 更多 更多 语言 页面选项 Read 查看源代码 历史 目录 1 《玉机微义》卷十七:当归导滞汤 2 《血证论》卷八:当归导滞汤 3 《寒温条辨》卷五:当归导滞汤 4 中药
殿胞煎,https://www.yixue.com/%E6%AE%BF%E8%83%9E%E7%85%8E,200,是,殿胞煎_殿胞煎的作用_殿胞煎说明书_殿胞煎的功效_中药殿胞煎配方_医学百科 - 医学百科；殿胞煎_殿胞煎的作用_殿胞煎说明书_殿胞煎的功效_中药殿胞煎配方_医学百科 - 医学百科 匿名 未登录 登录 医学百科 搜索 殿胞煎 来自医学百科 名字空间 页面 更多 更多 语言 页面选项 Read 查看源代码 历史 【别名】 殿胎煎 【处方】 当归 5-7钱或1两， 川芎 1钱， 炙甘草 1钱， 茯苓 1钱， 肉桂 1-2钱或5-7分。 【功效与作用】 
独活丹,https://www.yixue.com/%E7%8B%AC%E6%B4%BB%E4%B8%B9,404,否,404；
鹅黄散,https://www.yixue.com/%E9%B9%85%E9%BB%84%E6%95%A3,200,是,鹅黄散 - 医学百科；鹅黄散 - 医学百科 匿名 未登录 登录 医学百科 搜索 鹅黄散 来自医学百科 名字空间 页面 更多 更多 语言 页面选项 Read 查看源代码 历史 目录 1 《外科正宗》卷三:鹅黄散 2 《外科正宗》卷四:鹅黄散 3 《医宗金鉴》卷五十一:鹅黄散 4 《全国中药成药处方集》（沈阳方）:鹅黄散 5 《中医皮肤病学简编》:鹅黄散 6 《金鉴》卷五十一:鹅黄散
附不谢方,https://www.yixue.com/%E9%99%84%E4%B8%8D%E8%B0%A2%E6%96%B9,404,否,404；
甘草梢黑豆汤,https://www.yixue.com/%E7%94%98%E8%8D%89%E6%A2%A2%E9%BB%91%E8%B1%86%E6%B1%A4,200,是,甘草梢黑豆汤_甘草梢黑豆汤的作用_甘草梢黑豆汤说明书_甘草梢黑豆汤的功效_中药甘草梢黑豆汤配方_医学百科 - 医学百科；甘草梢黑豆汤_甘草梢黑豆汤的作用_甘草梢黑豆汤说明书_甘草梢黑豆汤的功效_中药甘草梢黑豆汤配方_医学百科 - 医学百科 匿名 未登录 登录 医学百科 搜索 甘草梢黑豆汤 来自医学百科 名字空间 页面 更多 更多 语言 页面选项 Read 查看源代码 历史 【处方】 生甘草 梢60克， 黑豆 250克。 【功效与作用】 解毒 缓急。 主药 毒内灼。（ 强中 ）
葛根加半夏汤,https://www.yixue.com/%E8%91%9B%E6%A0%B9%E5%8A%A0%E5%8D%8A%E5%A4%8F%E6%B1%A4,200,是,葛根加半夏汤 - 医学百科；葛根加半夏汤 - 医学百科 匿名 未登录 登录 医学百科 搜索 葛根加半夏汤 来自医学百科 名字空间 页面 更多 更多 语言 页面选项 Read 查看源代码 历史 【来源】《 伤寒论 》。 【组成】 葛根 12克 麻黄 9克(去节) 甘草 6克(炙) 芍药 6克 桂枝 6克(去皮) 生姜 6克(切) 半夏 9克(洗) 大枣 12枚(擘) 【用法】上八味，以水
葛根麻黄汤,https://www.yixue.com/%E8%91%9B%E6%A0%B9%E9%BA%BB%E9%BB%84%E6%B1%A4,404,否,404；
栝蒌散,https://www.yixue.com/%E6%A0%9D%E8%92%8C%E6%95%A3,200,是,栝蒌散_栝蒌散的作用_栝蒌散说明书_栝蒌散的功效_中药栝蒌散配方_医学百科 - 医学百科；栝蒌散_栝蒌散的作用_栝蒌散说明书_栝蒌散的功效_中药栝蒌散配方_医学百科 - 医学百科 匿名 未登录 登录 医学百科 搜索 栝蒌散 来自医学百科 名字空间 页面 更多 更多 语言 页面选项 Read 查看源代码 历史 【处方】 栝蒌实60克， 败酱草 15克， 细辛 15克，炮 干姜 15克，姜炙 厚朴 15克，炒 桔梗 15克， 人参 15克， 防风 1
桂麻各半汤,https://www.yixue.com/%E6%A1%82%E9%BA%BB%E5%90%84%E5%8D%8A%E6%B1%A4,404,否,404；
桂枝二麻黄一汤,https://www.yixue.com/%E6%A1%82%E6%9E%9D%E4%BA%8C%E9%BA%BB%E9%BB%84%E4%B8%80%E6%B1%A4,200,是,桂枝二麻黄一汤_桂枝二麻黄一汤的作用_桂枝二麻黄一汤说明书_桂枝二麻黄一汤的功效_中药桂枝二麻黄一汤配方_医学百科 - 医学百科；桂枝二麻黄一汤_桂枝二麻黄一汤的作用_桂枝二麻黄一汤说明书_桂枝二麻黄一汤的功效_中药桂枝二麻黄一汤配方_医学百科 - 医学百科 匿名 未登录 登录 医学百科 搜索 桂枝二麻黄一汤 来自医学百科 名字空间 页面 更多 更多 语言 页面选项 Read 查看源代码 历史 【处方】 桂枝 1两17铢（去皮）， 芍药 1两6铢， 麻黄 16铢（去节）， 生姜 1两6
桂枝加大黄汤,https://www.yixue.com/%E6%A1%82%E6%9E%9D%E5%8A%A0%E5%A4%A7%E9%BB%84%E6%B1%A4,200,是,桂枝加大黄汤_桂枝加大黄汤的作用_桂枝加大黄汤说明书_桂枝加大黄汤的功效_中药桂枝加大黄汤配方_医学百科 - 医学百科；桂枝加大黄汤_桂枝加大黄汤的作用_桂枝加大黄汤说明书_桂枝加大黄汤的功效_中药桂枝加大黄汤配方_医学百科 - 医学百科 匿名 未登录 登录 医学百科 搜索 桂枝加大黄汤 来自医学百科 名字空间 页面 更多 更多 语言 页面选项 Read 查看源代码 历史 【处方】 桂枝 9克（去皮）大黄6克 芍药 18克 生姜 9克（切） 甘草 6克（炙） 大枣 12枚（擘
桂枝加黄汤,https://www.yixue.com/%E6%A1%82%E6%9E%9D%E5%8A%A0%E9%BB%84%E6%B1%A4,404,否,404；
桂枝加芍药汤,https://www.yixue.com/%E6%A1%82%E6%9E%9D%E5%8A%A0%E8%8A%8D%E8%8D%AF%E6%B1%A4,200,是,桂枝加芍药汤 - 医学百科；桂枝加芍药汤 - 医学百科 匿名 未登录 登录 医学百科 搜索 桂枝加芍药汤 来自医学百科 名字空间 页面 更多 更多 语言 页面选项 Read 查看源代码 历史 【方名】 桂枝加芍药汤 【出处】 《 伤寒论 》 【分类】 温里剂-温中缓急 【组成】 桂枝 （9克） 芍药 （18克） 甘草 炙（6克） 大枣 （3枚） 生姜 （9克） 【功用】 温脾 和中，缓
海上仙方,https://www.yixue.com/%E6%B5%B7%E4%B8%8A%E4%BB%99%E6%96%B9,404,否,404；
黄芩白芍汤,https://www.yixue.com/%E9%BB%84%E8%8A%A9%E7%99%BD%E8%8A%8D%E6%B1%A4,200,是,黄芩白芍汤_黄芩白芍汤的作用_黄芩白芍汤说明书_黄芩白芍汤的功效_中药黄芩白芍汤配方_医学百科 - 医学百科；黄芩白芍汤_黄芩白芍汤的作用_黄芩白芍汤说明书_黄芩白芍汤的功效_中药黄芩白芍汤配方_医学百科 - 医学百科 匿名 未登录 登录 医学百科 搜索 黄芩白芍汤 来自医学百科 名字空间 页面 更多 更多 语言 页面选项 Read 查看源代码 历史 【处方】 黄芩 1钱5分（酒炒），酒 炒白芍 1钱5分。 【功效与作用】 春温 。 【用法用量】 水煎服。 咳嗽 ，
鸡肝丸,https://www.yixue.com/%E9%B8%A1%E8%82%9D%E4%B8%B8,200,是,鸡肝丸_鸡肝丸的作用_鸡肝丸说明书_鸡肝丸的功效_中药鸡肝丸配方_医学百科 - 医学百科；鸡肝丸_鸡肝丸的作用_鸡肝丸说明书_鸡肝丸的功效_中药鸡肝丸配方_医学百科 - 医学百科 匿名 未登录 登录 医学百科 搜索 鸡肝丸 来自医学百科 名字空间 页面 更多 更多 语言 页面选项 Read 查看源代码 历史 目录 1 《惠直堂方》卷四:鸡肝丸 2 《眼科锦囊》卷四:鸡肝丸 3 《医统》卷七十三:鸡肝丸 4 中药方专题 4.1 按功效分类的常用方剂
鸡舌香散,https://www.yixue.com/%E9%B8%A1%E8%88%8C%E9%A6%99%E6%95%A3,200,是,鸡舌香散_鸡舌香散的作用_鸡舌香散说明书_鸡舌香散的功效_中药鸡舌香散配方_医学百科 - 医学百科；鸡舌香散_鸡舌香散的作用_鸡舌香散说明书_鸡舌香散的功效_中药鸡舌香散配方_医学百科 - 医学百科 匿名 未登录 登录 医学百科 搜索 鸡舌香散 来自医学百科 名字空间 页面 更多 更多 语言 页面选项 Read 查看源代码 历史 目录 1 《宋.太平惠民和剂局方》:鸡舌香散 2 《元和纪用经》:鸡舌香散 3 《太平惠民和剂局方》卷三:鸡舌香散 4 《仁斋直
加减小柴胡汤,https://www.yixue.com/%E5%8A%A0%E5%87%8F%E5%B0%8F%E6%9F%B4%E8%83%A1%E6%B1%A4,200,是,加减小柴胡汤_加减小柴胡汤的作用_加减小柴胡汤说明书_加减小柴胡汤的功效_中药加减小柴胡汤配方_医学百科 - 医学百科；加减小柴胡汤_加减小柴胡汤的作用_加减小柴胡汤说明书_加减小柴胡汤的功效_中药加减小柴胡汤配方_医学百科 - 医学百科 匿名 未登录 登录 医学百科 搜索 加减小柴胡汤 来自医学百科 名字空间 页面 更多 更多 语言 页面选项 Read 查看源代码 历史 目录 1 《云岐子脉诀》:加减小柴胡汤 2 《医学心悟》卷三:加减小柴胡汤 3 《圣济总录》卷二十四:加
解毒散,https://www.yixue.com/%E8%A7%A3%E6%AF%92%E6%95%A3,200,是,解毒散_解毒散的作用_解毒散说明书_解毒散的功效_中药解毒散配方_医学百科 - 医学百科；解毒散_解毒散的作用_解毒散说明书_解毒散的功效_中药解毒散配方_医学百科 - 医学百科 匿名 未登录 登录 医学百科 搜索 解毒散 来自医学百科 名字空间 页面 更多 更多 语言 页面选项 Read 查看源代码 历史 目录 1 《医学纲目》卷三十七:解毒散 2 《良朋汇集》卷五:解毒散 3 《幼科折衷》:解毒散 4 《赤水玄珠》卷二十八:解毒散 5 《古今
金砂散,https://www.yixue.com/%E9%87%91%E7%A0%82%E6%95%A3,200,是,金砂散_金砂散的作用_金砂散说明书_金砂散的功效_中药金砂散配方_医学百科 - 医学百科；金砂散_金砂散的作用_金砂散说明书_金砂散的功效_中药金砂散配方_医学百科 - 医学百科 匿名 未登录 登录 医学百科 搜索 金砂散 来自医学百科 名字空间 页面 更多 更多 语言 页面选项 Read 查看源代码 历史 目录 1 《保婴撮要》卷八:金砂散 2 《医学纲目》卷十九引《济生》:金砂散 3 《瑞竹堂方》卷五:金砂散 4 中药方专题 4.1 按功效分
绝疟膏,https://www.yixue.com/%E7%BB%9D%E7%96%9F%E8%86%8F,200,是,绝疟膏_绝疟膏的作用_绝疟膏说明书_绝疟膏的功效_中药绝疟膏配方_医学百科 - 医学百科；绝疟膏_绝疟膏的作用_绝疟膏说明书_绝疟膏的功效_中药绝疟膏配方_医学百科 - 医学百科 匿名 未登录 登录 医学百科 搜索 绝疟膏 来自医学百科 名字空间 页面 更多 更多 语言 页面选项 Read 查看源代码 历史 【处方】 斑蝥 1个（去头足翅），红枣1个（ 去核 ）。 【功效与作用】 疟疾 。 【用法用量】 同捣烂，包在眉心，先发时半日包上。过时即除
坎离丸,https://www.yixue.com/%E5%9D%8E%E7%A6%BB%E4%B8%B8,200,是,坎离丸_坎离丸的作用_坎离丸说明书_坎离丸的功效_中药坎离丸配方_医学百科 - 医学百科；坎离丸_坎离丸的作用_坎离丸说明书_坎离丸的功效_中药坎离丸配方_医学百科 - 医学百科 匿名 未登录 登录 医学百科 搜索 坎离丸 来自医学百科 名字空间 页面 更多 更多 语言 页面选项 Read 查看源代码 历史 目录 1 《摄生众妙方》卷二:坎离丸 2 《活人方》卷七:坎离丸 3 《本草纲目》卷三十五引《孙氏集效方》:坎离丸 4 《何氏济生论》卷五:
口糜散,https://www.yixue.com/%E5%8F%A3%E7%B3%9C%E6%95%A3,200,是,口糜散_口糜散的作用_口糜散说明书_口糜散的功效_中药口糜散配方_医学百科 - 医学百科；口糜散_口糜散的作用_口糜散说明书_口糜散的功效_中药口糜散配方_医学百科 - 医学百科 匿名 未登录 登录 医学百科 搜索 口糜散 来自医学百科 名字空间 页面 更多 更多 语言 页面选项 Read 查看源代码 历史 目录 1 《摄生秘剖》卷三:口糜散 2 《医方考》卷五:口糜散 3 中药方专题 3.1 按功效分类的常用方剂 3.2 中药方大全 按拼音查询
宽膈丸,https://www.yixue.com/%E5%AE%BD%E8%86%88%E4%B8%B8,200,是,宽膈丸_宽膈丸的作用_宽膈丸说明书_宽膈丸的功效_中药宽膈丸配方_医学百科 - 医学百科；宽膈丸_宽膈丸的作用_宽膈丸说明书_宽膈丸的功效_中药宽膈丸配方_医学百科 - 医学百科 匿名 未登录 登录 医学百科 搜索 宽膈丸 来自医学百科 名字空间 页面 更多 更多 语言 页面选项 Read 查看源代码 历史 目录 1 《三因极一病证方论》卷八:宽膈丸 2 《奇效良方》卷十六:宽膈丸 3 《三因》卷八:宽膈丸 4 中药方专题 4.1 按功效分类的常
理中丸及汤,https://www.yixue.com/%E7%90%86%E4%B8%AD%E4%B8%B8%E5%8F%8A%E6%B1%A4,404,否,404；
两臂与肩膊痛方,https://www.yixue.com/%E4%B8%A4%E8%87%82%E4%B8%8E%E8%82%A9%E8%86%8A%E7%97%9B%E6%96%B9,404,否,404；
六和生化汤,https://www.yixue.com/%E5%85%AD%E5%92%8C%E7%94%9F%E5%8C%96%E6%B1%A4,200,是,六和生化汤_六和生化汤的作用_六和生化汤说明书_六和生化汤的功效_中药六和生化汤配方_医学百科 - 医学百科；六和生化汤_六和生化汤的作用_六和生化汤说明书_六和生化汤的功效_中药六和生化汤配方_医学百科 - 医学百科 匿名 未登录 登录 医学百科 搜索 六和生化汤 来自医学百科 名字空间 页面 更多 更多 语言 页面选项 Read 查看源代码 历史 【处方】 川芎 2钱， 当归 4钱， 炮姜 4分， 炙甘草 5分， 桃仁 10粒， 茯苓 3钱， 砂仁壳 1钱， 橘
六神丸,https://www.yixue.com/%E5%85%AD%E7%A5%9E%E4%B8%B8,200,是,六神丸_六神丸说明书_六神丸的作用_六神丸副作用_六神丸是什么_医学百科 - 医学百科；六神丸_六神丸说明书_六神丸的作用_六神丸副作用_六神丸是什么_医学百科 - 医学百科 匿名 未登录 登录 医学百科 搜索 六神丸 来自医学百科 名字空间 页面 更多 更多 语言 页面选项 Read 查看源代码 历史 六神丸 ，清凉解毒， 消炎 止痛。用于 烂喉丹痧 ， 咽喉肿痛 ， 喉风 喉痈 ，单 双乳蛾 ，小儿 热疖 ，痈疡 疔疮 ， 乳痈 发背 ， 
排脓汤,https://www.yixue.com/%E6%8E%92%E8%84%93%E6%B1%A4,404,否,404；
蟠龙散,https://www.yixue.com/%E8%9F%A0%E9%BE%99%E6%95%A3,200,是,蟠龙散_蟠龙散的作用_蟠龙散说明书_蟠龙散的功效_中药蟠龙散配方_医学百科 - 医学百科；蟠龙散_蟠龙散的作用_蟠龙散说明书_蟠龙散的功效_中药蟠龙散配方_医学百科 - 医学百科 匿名 未登录 登录 医学百科 搜索 蟠龙散 来自医学百科 名字空间 页面 更多 更多 语言 页面选项 Read 查看源代码 历史 目录 1 《活幼心书》卷下:蟠龙散 2 《活动心书》卷下:蟠龙散 3 中药方专题 3.1 按功效分类的常用方剂 3.2 中药方大全 按拼音查
七枣汤,https://www.yixue.com/%E4%B8%83%E6%9E%A3%E6%B1%A4,200,是,七枣汤_七枣汤的作用_七枣汤说明书_七枣汤的功效_中药七枣汤配方_医学百科 - 医学百科；七枣汤_七枣汤的作用_七枣汤说明书_七枣汤的功效_中药七枣汤配方_医学百科 - 医学百科 匿名 未登录 登录 医学百科 搜索 七枣汤 来自医学百科 名字空间 页面 更多 更多 语言 页面选项 Read 查看源代码 历史 目录 1 《宋.太平惠民和剂局方》:七枣汤 2 《太平惠民和剂局方》卷六:七枣汤 3 《三因极一病证方论》卷七:七枣汤 4 中药方专题 4.
驱疟饮子,https://www.yixue.com/%E9%A9%B1%E7%96%9F%E9%A5%AE%E5%AD%90,200,是,驱疟饮子_驱疟饮子的作用_驱疟饮子说明书_驱疟饮子的功效_中药驱疟饮子配方_医学百科 - 医学百科；驱疟饮子_驱疟饮子的作用_驱疟饮子说明书_驱疟饮子的功效_中药驱疟饮子配方_医学百科 - 医学百科 匿名 未登录 登录 医学百科 搜索 驱疟饮子 来自医学百科 名字空间 页面 更多 更多 语言 页面选项 Read 查看源代码 历史 【处方】 前胡 柴胡 各120克 桂心 桔梗 厚朴 （姜制） 半夏 （汤洗去滑）各90克 黄耆 干姜 （炮） 甘草 各60克 【
祛风药酒方,https://www.yixue.com/%E7%A5%9B%E9%A3%8E%E8%8D%AF%E9%85%92%E6%96%B9,404,否,404；
乳豆丸,https://www.yixue.com/%E4%B9%B3%E8%B1%86%E4%B8%B8,200,是,乳豆丸_乳豆丸的作用_乳豆丸说明书_乳豆丸的功效_中药乳豆丸配方_医学百科 - 医学百科；乳豆丸_乳豆丸的作用_乳豆丸说明书_乳豆丸的功效_中药乳豆丸配方_医学百科 - 医学百科 匿名 未登录 登录 医学百科 搜索 乳豆丸 来自医学百科 名字空间 页面 更多 更多 语言 页面选项 Read 查看源代码 历史 【处方】 肉豆蔻 （生，为末） 【制法】 上以通明 乳香 ，用酒浸透研 成膏 ，和 前药 末为丸，如 梧桐子 大。 【功效与作用】 治 腹泻
三解汤,https://www.yixue.com/%E4%B8%89%E8%A7%A3%E6%B1%A4,200,是,三解汤_三解汤的作用_三解汤说明书_三解汤的功效_中药三解汤配方_医学百科 - 医学百科；三解汤_三解汤的作用_三解汤说明书_三解汤的功效_中药三解汤配方_医学百科 - 医学百科 匿名 未登录 登录 医学百科 搜索 三解汤 来自医学百科 名字空间 页面 更多 更多 语言 页面选项 Read 查看源代码 历史 【处方】 黄连 1.5克 黄芩 3克 大黄12克 栀子 4.5克 花粉 6克 连翘 4.5克 半夏 3克 茯苓 6克 木通 3克 泽泻 4.
三辛散,https://www.yixue.com/%E4%B8%89%E8%BE%9B%E6%95%A3,404,否,404；
三星汤,https://www.yixue.com/%E4%B8%89%E6%98%9F%E6%B1%A4,200,是,三星汤_三星汤的作用_三星汤说明书_三星汤的功效_中药三星汤配方_医学百科 - 医学百科；三星汤_三星汤的作用_三星汤说明书_三星汤的功效_中药三星汤配方_医学百科 - 医学百科 匿名 未登录 登录 医学百科 搜索 三星汤 来自医学百科 名字空间 页面 更多 更多 语言 页面选项 Read 查看源代码 历史 【处方】 金银花 60克 蒲公英 30克 生甘草 9克 【功效与作用】 治 对口痈 。 【用法用量】 水煎服。 【注意】 阴症大溃者，此方不
蛇疔膏,https://www.yixue.com/%E8%9B%87%E7%96%94%E8%86%8F,404,否,404；
神效复元通气散,https://www.yixue.com/%E7%A5%9E%E6%95%88%E5%A4%8D%E5%85%83%E9%80%9A%E6%B0%94%E6%95%A3,404,否,404；
神效鸡清丸,https://www.yixue.com/%E7%A5%9E%E6%95%88%E9%B8%A1%E6%B8%85%E4%B8%B8,404,否,404；
手足痛方,https://www.yixue.com/%E6%89%8B%E8%B6%B3%E7%97%9B%E6%96%B9,404,否,404；
束胎丸,https://www.yixue.com/%E6%9D%9F%E8%83%8E%E4%B8%B8,404,否,404；
双单蛾方,https://www.yixue.com/%E5%8F%8C%E5%8D%95%E8%9B%BE%E6%96%B9,404,否,404；
双解复生散,https://www.yixue.com/%E5%8F%8C%E8%A7%A3%E5%A4%8D%E7%94%9F%E6%95%A3,404,否,404；
顺风匀气散,https://www.yixue.com/%E9%A1%BA%E9%A3%8E%E5%8C%80%E6%B0%94%E6%95%A3,200,是,顺风匀气散_顺风匀气散的作用_顺风匀气散说明书_顺风匀气散的功效_中药顺风匀气散配方_医学百科 - 医学百科；顺风匀气散_顺风匀气散的作用_顺风匀气散说明书_顺风匀气散的功效_中药顺风匀气散配方_医学百科 - 医学百科 匿名 未登录 登录 医学百科 搜索 顺风匀气散 来自医学百科 名字空间 页面 更多 更多 语言 页面选项 Read 查看源代码 历史 【处方】 白术 （四钱） 天麻 （一钱） 沉香 （半钱） 白芷 （半钱） 青皮 （半钱） 甘草 （炙.半钱） 人参 
四苓汤,https://www.yixue.com/%E5%9B%9B%E8%8B%93%E6%B1%A4,200,是,四苓汤_四苓汤的作用_四苓汤说明书_四苓汤的功效_中药四苓汤配方_医学百科 - 医学百科；四苓汤_四苓汤的作用_四苓汤说明书_四苓汤的功效_中药四苓汤配方_医学百科 - 医学百科 匿名 未登录 登录 医学百科 搜索 四苓汤 来自医学百科 名字空间 页面 更多 更多 语言 页面选项 Read 查看源代码 历史 【处方】 茯苓 白术 （土炒） 猪苓 泽泻 【功效与作用】 利水 除湿 。治 水泻 ， 小便不利 。 【用法用量】 用 灯心 为引，水煎服。
四圣散,https://www.yixue.com/%E5%9B%9B%E5%9C%A3%E6%95%A3,200,是,四圣散 - 医学百科；四圣散 - 医学百科 匿名 未登录 登录 医学百科 搜索 四圣散 来自医学百科 名字空间 页面 更多 更多 语言 页面选项 Read 查看源代码 历史 【组成】 茴香 （炒）、 川山甲 （炒）、 全蝎 （炒）、南 木香 各等分。 【来源】《医方类聚》卷九十一引《 急救 仙方》。 【主治】 疝气 ， 外肾 肿胀 。 【方法】上为末。 【用量】每服2钱，酒调服。
四制香附丸,https://www.yixue.com/%E5%9B%9B%E5%88%B6%E9%A6%99%E9%99%84%E4%B8%B8,200,是,四制香附丸_四制香附丸说明书_四制香附丸的作用_四制香附丸副作用_四制香附丸是什么_医学百科 - 医学百科；四制香附丸_四制香附丸说明书_四制香附丸的作用_四制香附丸副作用_四制香附丸是什么_医学百科 - 医学百科 匿名 未登录 登录 医学百科 搜索 四制香附丸 来自医学百科 名字空间 页面 更多 更多 语言 页面选项 Read 查看源代码 历史 四制香附丸 ， 理气 和血， 补血调经 。用于 血虚 气滞 ， 月经不调 ，小 腹胀 痛。 本药品被归类到 补益安神 
天水散,https://www.yixue.com/%E5%A4%A9%E6%B0%B4%E6%95%A3,404,否,404；
通利膏,https://www.yixue.com/%E9%80%9A%E5%88%A9%E8%86%8F,404,否,404；
头风痛极急救方,https://www.yixue.com/%E5%A4%B4%E9%A3%8E%E7%97%9B%E6%9E%81%E6%80%A5%E6%95%91%E6%96%B9,404,否,404；
兔脑丸,https://www.yixue.com/%E5%85%94%E8%84%91%E4%B8%B8,404,否,404；
外感发热方,https://www.yixue.com/%E5%A4%96%E6%84%9F%E5%8F%91%E7%83%AD%E6%96%B9,404,否,404；
万金散,https://www.yixue.com/%E4%B8%87%E9%87%91%E6%95%A3,200,是,万金散_万金散的作用_万金散说明书_万金散的功效_中药万金散配方_医学百科 - 医学百科；万金散_万金散的作用_万金散说明书_万金散的功效_中药万金散配方_医学百科 - 医学百科 匿名 未登录 登录 医学百科 搜索 万金散 来自医学百科 名字空间 页面 更多 更多 语言 页面选项 Read 查看源代码 历史 【处方】 猪胆 5～6个 黄连 青黛 薄荷 僵蚕 白矾 朴消 各15克 【制法】 腊月初一日取胆，将余药装入胆内，青纸包好，将地掘小坑方深3
五神还童丹,https://www.yixue.com/%E4%BA%94%E7%A5%9E%E8%BF%98%E7%AB%A5%E4%B8%B9,404,否,404；
五益膏,https://www.yixue.com/%E4%BA%94%E7%9B%8A%E8%86%8F,404,否,404；
下乳简便方,https://www.yixue.com/%E4%B8%8B%E4%B9%B3%E7%AE%80%E4%BE%BF%E6%96%B9,404,否,404；
消毒犀角饮子,https://www.yixue.com/%E6%B6%88%E6%AF%92%E7%8A%80%E8%A7%92%E9%A5%AE%E5%AD%90,404,否,404；
小肠疝气经验方,https://www.yixue.com/%E5%B0%8F%E8%82%A0%E7%96%9D%E6%B0%94%E7%BB%8F%E9%AA%8C%E6%96%B9,404,否,404；
泻痢不止方,https://www.yixue.com/%E6%B3%BB%E7%97%A2%E4%B8%8D%E6%AD%A2%E6%96%B9,404,否,404；
雄黄散,https://www.yixue.com/%E9%9B%84%E9%BB%84%E6%95%A3,200,是,雄黄散_雄黄散的作用_雄黄散说明书_雄黄散的功效_中药雄黄散配方_医学百科 - 医学百科；雄黄散_雄黄散的作用_雄黄散说明书_雄黄散的功效_中药雄黄散配方_医学百科 - 医学百科 匿名 未登录 登录 医学百科 搜索 雄黄散 来自医学百科 名字空间 页面 更多 更多 语言 页面选项 Read 查看源代码 历史 目录 1 明.方贤着《奇效良方》:雄黄散 2 明.方贤着《奇效良方》:雄黄散 3 明.方贤着《奇效良方》:雄黄散 4 《备急千金要方》卷九:
雄辛散,https://www.yixue.com/%E9%9B%84%E8%BE%9B%E6%95%A3,404,否,404；
异传经验稀痘奇方,https://www.yixue.com/%E5%BC%82%E4%BC%A0%E7%BB%8F%E9%AA%8C%E7%A8%80%E7%97%98%E5%A5%87%E6%96%B9,404,否,404；
应梦人参散,https://www.yixue.com/%E5%BA%94%E6%A2%A6%E4%BA%BA%E5%8F%82%E6%95%A3,200,是,应梦人参散_应梦人参散的作用_应梦人参散说明书_应梦人参散的功效_中药应梦人参散配方_医学百科 - 医学百科；应梦人参散_应梦人参散的作用_应梦人参散说明书_应梦人参散的功效_中药应梦人参散配方_医学百科 - 医学百科 匿名 未登录 登录 医学百科 搜索 应梦人参散 来自医学百科 名字空间 页面 更多 更多 语言 页面选项 Read 查看源代码 历史 【处方】 白芷 干葛 青皮 桔梗 （炒） 白术 人参 各23克 甘草 （炙）45克 干姜 （炮）4克 【制法】 上药
痈疽方,https://www.yixue.com/%E7%97%88%E7%96%BD%E6%96%B9,404,否,404；
玉烛散,https://www.yixue.com/%E7%8E%89%E7%83%9B%E6%95%A3,200,是,玉烛散 - 医学百科；玉烛散 - 医学百科 匿名 未登录 登录 医学百科 搜索 玉烛散 来自医学百科 名字空间 页面 更多 更多 语言 页面选项 Read 查看源代码 历史 【来源】《儒门事亲》卷十二， 【组成】 当归 川芎 熟地 白芍 大黄 芒消 甘草 各等分 【用法】上锉。每服24克，水煎去滓， 空腹 时服。 【功用】 养血 清热 ，泻积 通便 。 【主治】 血虚 发热 ， 
增补止血补伤方,https://www.yixue.com/%E5%A2%9E%E8%A1%A5%E6%AD%A2%E8%A1%80%E8%A1%A5%E4%BC%A4%E6%96%B9,404,否,404；
蜘蛛散,https://www.yixue.com/%E8%9C%98%E8%9B%9B%E6%95%A3,200,是,蜘蛛散_蜘蛛散的作用_蜘蛛散说明书_蜘蛛散的功效_中药蜘蛛散配方_医学百科 - 医学百科；蜘蛛散_蜘蛛散的作用_蜘蛛散说明书_蜘蛛散的功效_中药蜘蛛散配方_医学百科 - 医学百科 匿名 未登录 登录 医学百科 搜索 蜘蛛散 来自医学百科 名字空间 页面 更多 更多 语言 页面选项 Read 查看源代码 历史 目录 1 《金匮要略》卷中:蜘蛛散 2 《三因极一病证方论》卷十六:蜘蛛散 3 中药方专题 3.1 按功效分类的常用方剂 3.2 中药方大全
枳壳散,https://www.yixue.com/%E6%9E%B3%E5%A3%B3%E6%95%A3,200,是,枳壳散_枳壳散的作用_枳壳散说明书_枳壳散的功效_中药枳壳散配方_医学百科 - 医学百科；枳壳散_枳壳散的作用_枳壳散说明书_枳壳散的功效_中药枳壳散配方_医学百科 - 医学百科 匿名 未登录 登录 医学百科 搜索 枳壳散 来自医学百科 名字空间 页面 更多 更多 语言 页面选项 Read 查看源代码 历史 目录 1 《普济本事方》卷三引庞老方:枳壳散 2 《普济本事方》卷三:枳壳散 3 中药方专题 3.1 按功效分类的常用方剂 3.2 中药方大
治咳喘上气方,https://www.yixue.com/%E6%B2%BB%E5%92%B3%E5%96%98%E4%B8%8A%E6%B0%94%E6%96%B9,404,否,404；
治口舌病方,https://www.yixue.com/%E6%B2%BB%E5%8F%A3%E8%88%8C%E7%97%85%E6%96%B9,404,否,404；
治诸疟效方,https://www.yixue.com/%E6%B2%BB%E8%AF%B8%E7%96%9F%E6%95%88%E6%96%B9,404,否,404；
追魂汤,https://www.yixue.com/%E8%BF%BD%E9%AD%82%E6%B1%A4,200,是,追魂汤_追魂汤的作用_追魂汤说明书_追魂汤的功效_中药追魂汤配方_医学百科 - 医学百科；追魂汤_追魂汤的作用_追魂汤说明书_追魂汤的功效_中药追魂汤配方_医学百科 - 医学百科 匿名 未登录 登录 医学百科 搜索 追魂汤 来自医学百科 名字空间 页面 更多 更多 语言 页面选项 Read 查看源代码 历史 【处方】 麻黄 （去节.六钱） 杏仁 （去皮尖.五十粒） 甘草 （炙.二钱） 【功效与作用】 治卒厥暴死，及 客忤 鬼击 ，蜚尸奄忽，气绝 
紫苏饮,https://www.yixue.com/%E7%B4%AB%E8%8B%8F%E9%A5%AE,200,是,紫苏饮_紫苏饮的作用_紫苏饮说明书_紫苏饮的功效_中药紫苏饮配方_医学百科 - 医学百科；紫苏饮_紫苏饮的作用_紫苏饮说明书_紫苏饮的功效_中药紫苏饮配方_医学百科 - 医学百科 匿名 未登录 登录 医学百科 搜索 紫苏饮 来自医学百科 名字空间 页面 更多 更多 语言 页面选项 Read 查看源代码 历史 目录 1 《外台秘要》卷九引《延年方》:紫苏饮 2 《普济本事方》卷十:紫苏饮 3 中药方专题 3.1 按功效分类的常用方剂 3.2 中药方
